Item_ID,Category,Item_Name,Current_Stock,Min_Required,Max_Capacity,Unit_Cost,Avg_Usage_Per_Day,Restock_Lead_Time,Vendor_ID,Vendor_Name,Cost_Per_Item,Days_Until_Stockout,Risk_Label
1000,Diagnostic Supplies,Test Kit,886,242,1223,370.56,19,15,V003,HealthTools Ltd.,319.02,46.63157894736842,Low
1001,Equipment/Consumables,Small Equipment,797,217,1631,4524.17,8,13,V001,MedSupplies Inc.,3643.87,99.625,Low
1002,Equipment/Consumables,Small Equipment,158,33,238,1922.77,21,10,V001,MedSupplies Inc.,1919.04,7.523809523809524,High
1003,Equipment/Consumables,Thermometer,106,30,202,14131.34,17,9,V004,CarePlus Distributors,14221.91,6.235294117647059,High
1004,Surgical Supplies,Surgical Mask,2033,683,4685,26.24,272,7,V001,MedSupplies Inc.,22.01,7.474264705882353,Medium
1005,IV & Emergency Supplies,Defibrillator Pads,138,32,207,284.2,13,2,V001,MedSupplies Inc.,285.26,10.615384615384615,Low
1006,IV & Emergency Supplies,IV Fluid,636,132,1038,588.48,118,3,V002,EquipMed Co.,495.37,5.389830508474576,Medium
1007,Equipment/Consumables,Thermometer,279,32,616,9093.11,53,9,V002,EquipMed Co.,8732.45,5.264150943396227,High
1008,Medicines,Antibiotic,940,237,2288,204.36,67,6,V005,PrimeMed Supply Chain,193.15,14.029850746268657,Low
1009,Surgical Supplies,Surgical Mask,457,89,952,23.39,258,5,V002,EquipMed Co.,24.31,1.7713178294573644,High
1010,Equipment/Consumables,Ventilator Filter,427,123,950,3516.38,7,9,V004,CarePlus Distributors,2884.67,61.0,Low
1011,IV & Emergency Supplies,IV Fluid,151,51,220,559.16,21,2,V002,EquipMed Co.,454.24,7.190476190476191,Low
1012,Diagnostic Supplies,Test Kit,1067,174,1778,240.03,79,17,V003,HealthTools Ltd.,245.05,13.50632911392405,High
1013,Equipment/Consumables,Small Equipment,229,36,416,7917.59,38,3,V002,EquipMed Co.,8033.56,6.026315789473684,Low
1014,IV & Emergency Supplies,Defibrillator Pads,951,107,1609,299.91,30,4,V003,HealthTools Ltd.,305.67,31.7,Low
1015,Diagnostic Supplies,X-ray Film,247,67,316,315.46,26,16,V001,MedSupplies Inc.,274.39,9.5,High
1016,Diagnostic Supplies,X-ray Film,891,294,1672,377.57,56,8,V002,EquipMed Co.,316.57,15.910714285714286,Medium
1017,Medicines,Antibiotic,1709,523,3206,193.0,63,12,V001,MedSupplies Inc.,179.53,27.126984126984127,Low
1018,Surgical Supplies,Surgical Mask,222,74,511,67.56,132,4,V002,EquipMed Co.,71.52,1.6818181818181819,High
1019,IV & Emergency Supplies,Defibrillator Pads,1461,305,2849,594.38,176,5,V004,CarePlus Distributors,559.54,8.301136363636363,Medium
1020,IV & Emergency Supplies,Emergency Kit,410,65,765,96.82,42,5,V004,CarePlus Distributors,91.62,9.761904761904763,Medium
1021,Diagnostic Supplies,Reagent,1114,351,2191,151.24,38,15,V003,HealthTools Ltd.,141.41,29.31578947368421,Medium
1022,Diagnostic Supplies,Blood Collection Tube,730,166,964,457.68,45,19,V002,EquipMed Co.,433.62,16.22222222222222,High
1023,IV & Emergency Supplies,IV Fluid,3763,1238,8040,330.13,199,4,V002,EquipMed Co.,277.36,18.90954773869347,Low
1024,Surgical Supplies,Sutures,2430,289,4124,38.04,380,5,V005,PrimeMed Supply Chain,33.46,6.394736842105263,Medium
1025,Equipment/Consumables,Thermometer,504,108,1116,19205.35,34,9,V002,EquipMed Co.,19810.09,14.823529411764707,Medium
1026,Diagnostic Supplies,Test Kit,1339,235,2173,433.32,41,14,V003,HealthTools Ltd.,381.94,32.65853658536585,Low
1027,Medicines,Painkiller,426,110,883,319.82,51,8,V003,HealthTools Ltd.,331.2,8.352941176470589,Medium
1028,Equipment/Consumables,Small Equipment,1205,275,1842,19753.81,21,10,V003,HealthTools Ltd.,20370.58,57.38095238095238,Low
1029,Medicines,Insulin,6115,1241,13328,109.8,138,13,V002,EquipMed Co.,101.41,44.31159420289855,Low
1030,Medicines,Antibiotic,281,63,405,47.72,97,3,V002,EquipMed Co.,40.09,2.8969072164948453,High
1031,IV & Emergency Supplies,Cannula,224,37,314,514.21,32,3,V004,CarePlus Distributors,475.21,7.0,Low
1032,Diagnostic Supplies,Reagent,432,114,630,46.08,51,5,V005,PrimeMed Supply Chain,50.54,8.470588235294118,Medium
1033,Medicines,Antihistamine,1283,146,2487,329.24,86,11,V001,MedSupplies Inc.,286.79,14.918604651162791,Medium
1034,Equipment/Consumables,Thermometer,468,101,633,19612.34,22,10,V005,PrimeMed Supply Chain,17021.21,21.272727272727273,Low
1035,IV & Emergency Supplies,Cannula,1546,473,2149,668.85,113,5,V002,EquipMed Co.,582.66,13.68141592920354,Low
1036,Diagnostic Supplies,X-ray Film,115,15,178,229.42,27,10,V002,EquipMed Co.,187.44,4.2592592592592595,High
1037,Diagnostic Supplies,Reagent,160,37,366,93.94,49,7,V002,EquipMed Co.,101.0,3.2653061224489797,High
1038,Diagnostic Supplies,Reagent,1083,149,2675,335.97,74,8,V004,CarePlus Distributors,342.38,14.635135135135135,Medium
1039,IV & Emergency Supplies,Defibrillator Pads,58,9,79,360.29,77,2,V004,CarePlus Distributors,290.84,0.7532467532467533,High
1040,Diagnostic Supplies,Reagent,362,107,901,159.59,22,7,V005,PrimeMed Supply Chain,138.43,16.454545454545453,Low
1041,Medicines,Insulin,5313,1334,9051,433.11,55,13,V005,PrimeMed Supply Chain,450.26,96.6,Low
1042,Diagnostic Supplies,Test Kit,2744,423,3607,132.83,20,19,V003,HealthTools Ltd.,139.6,137.2,Low
1043,Equipment/Consumables,Thermometer,2032,448,5045,15103.66,51,6,V002,EquipMed Co.,14522.45,39.84313725490196,Low
1044,Medicines,Antihistamine,7634,1901,17242,197.24,118,13,V001,MedSupplies Inc.,183.0,64.69491525423729,Low
1045,IV & Emergency Supplies,Cannula,191,43,335,57.22,60,5,V002,EquipMed Co.,62.55,3.183333333333333,High
1046,Equipment/Consumables,Ventilator Filter,1745,394,3837,1285.83,18,14,V002,EquipMed Co.,1208.52,96.94444444444444,Low
1047,Surgical Supplies,Surgical Gloves,9093,3009,22703,5.18,199,9,V005,PrimeMed Supply Chain,4.76,45.69346733668342,Low
1048,IV & Emergency Supplies,Cannula,532,154,1256,354.78,149,5,V001,MedSupplies Inc.,388.84,3.5704697986577183,High
1049,Diagnostic Supplies,Reagent,643,174,1000,447.15,10,13,V004,CarePlus Distributors,467.95,64.3,Low
1050,Medicines,Insulin,7561,971,15402,418.82,139,11,V005,PrimeMed Supply Chain,431.15,54.39568345323741,Low
1051,Medicines,Antibiotic,1273,266,2094,277.77,137,9,V002,EquipMed Co.,284.97,9.291970802919709,Medium
1052,Diagnostic Supplies,X-ray Film,886,227,1369,42.62,41,10,V005,PrimeMed Supply Chain,39.61,21.609756097560975,Low
1053,Diagnostic Supplies,Blood Collection Tube,3656,953,5704,280.81,77,19,V003,HealthTools Ltd.,286.65,47.48051948051948,Low
1054,Diagnostic Supplies,Reagent,34,11,69,450.37,12,6,V001,MedSupplies Inc.,376.73,2.8333333333333335,High
1055,Surgical Supplies,Syringes,6084,1873,10492,34.66,313,8,V005,PrimeMed Supply Chain,35.28,19.437699680511184,Low
1056,IV & Emergency Supplies,Emergency Kit,2005,404,4977,58.9,79,4,V002,EquipMed Co.,52.47,25.379746835443036,Low
1057,IV & Emergency Supplies,IV Fluid,1271,314,2603,215.7,90,4,V004,CarePlus Distributors,211.83,14.122222222222222,Low
1058,Diagnostic Supplies,Blood Collection Tube,1192,385,2566,314.85,23,15,V005,PrimeMed Supply Chain,277.02,51.82608695652174,Low
1059,Surgical Supplies,Surgical Gloves,549,84,1348,14.8,71,4,V001,MedSupplies Inc.,12.48,7.732394366197183,Medium
1060,Surgical Supplies,Surgical Gloves,3847,958,6446,81.1,112,7,V001,MedSupplies Inc.,76.43,34.348214285714285,Low
1061,Surgical Supplies,Sutures,19255,5109,45716,11.66,399,7,V001,MedSupplies Inc.,10.86,48.258145363408524,Low
1062,Surgical Supplies,Surgical Mask,621,82,935,93.39,381,4,V001,MedSupplies Inc.,91.46,1.6299212598425197,High
1063,Diagnostic Supplies,Reagent,850,205,1700,42.94,38,15,V001,MedSupplies Inc.,39.28,22.36842105263158,Medium
1064,Medicines,Antiviral,322,53,652,232.57,52,12,V003,HealthTools Ltd.,244.39,6.1923076923076925,High
1065,Surgical Supplies,Surgical Mask,1327,389,2724,48.22,248,8,V004,CarePlus Distributors,39.25,5.350806451612903,High
1066,Medicines,Painkiller,326,102,460,408.08,19,10,V005,PrimeMed Supply Chain,380.36,17.157894736842106,Medium
1067,IV & Emergency Supplies,Cannula,344,40,716,153.22,119,4,V002,EquipMed Co.,131.64,2.8907563025210083,High
1068,Surgical Supplies,Surgical Mask,1003,326,1930,87.11,375,4,V004,CarePlus Distributors,86.7,2.6746666666666665,High
1069,Medicines,Insulin,1378,352,2919,156.04,33,7,V004,CarePlus Distributors,152.02,41.75757575757576,Low
1070,Equipment/Consumables,Ventilator Filter,889,295,1266,11613.67,17,13,V003,HealthTools Ltd.,9617.25,52.294117647058826,Low
1071,Surgical Supplies,Sutures,729,178,1395,23.49,335,7,V004,CarePlus Distributors,23.05,2.1761194029850746,High
1072,IV & Emergency Supplies,Oxygen Mask,27,5,46,269.77,37,2,V003,HealthTools Ltd.,237.6,0.7297297297297297,High
1073,Equipment/Consumables,Ventilator Filter,312,36,707,1892.3,45,3,V003,HealthTools Ltd.,1545.91,6.933333333333334,Low
1074,Diagnostic Supplies,Test Kit,1070,236,1744,449.38,17,8,V001,MedSupplies Inc.,392.15,62.94117647058823,Low
1075,Medicines,Antibiotic,768,124,1262,92.45,121,7,V001,MedSupplies Inc.,83.93,6.347107438016529,High
1076,IV & Emergency Supplies,Emergency Kit,1458,210,2562,114.47,143,5,V002,EquipMed Co.,118.56,10.195804195804195,Low
1077,Diagnostic Supplies,X-ray Film,1658,443,2144,453.44,79,5,V005,PrimeMed Supply Chain,451.72,20.9873417721519,Low
1078,Medicines,Antibiotic,264,79,607,66.6,48,3,V005,PrimeMed Supply Chain,55.1,5.5,Medium
1079,Medicines,Antiviral,191,44,279,86.32,19,12,V005,PrimeMed Supply Chain,81.62,10.052631578947368,High
1080,IV & Emergency Supplies,Emergency Kit,536,132,692,35.64,196,6,V005,PrimeMed Supply Chain,32.77,2.7346938775510203,High
1081,Medicines,Antiviral,190,62,366,85.37,63,8,V002,EquipMed Co.,91.73,3.015873015873016,High
1082,Equipment/Consumables,BP Monitor Cuff,2133,456,4256,7501.72,50,12,V003,HealthTools Ltd.,8122.73,42.66,Low
1083,Surgical Supplies,Gauze,823,103,1631,87.63,292,4,V005,PrimeMed Supply Chain,93.03,2.8184931506849313,High
1084,Diagnostic Supplies,Test Kit,813,165,1902,93.11,27,10,V003,HealthTools Ltd.,85.78,30.11111111111111,Low
1085,Surgical Supplies,Sutures,301,56,464,36.29,105,4,V003,HealthTools Ltd.,35.07,2.8666666666666667,High
1086,Surgical Supplies,Surgical Mask,603,176,834,83.74,200,4,V005,PrimeMed Supply Chain,72.34,3.015,High
1087,Surgical Supplies,Surgical Gloves,14160,3046,33390,11.26,288,7,V005,PrimeMed Supply Chain,10.22,49.166666666666664,Low
1088,Surgical Supplies,Syringes,8665,1505,20687,29.0,273,5,V005,PrimeMed Supply Chain,31.35,31.73992673992674,Low
1089,Equipment/Consumables,BP Monitor Cuff,706,145,1267,10377.69,20,10,V005,PrimeMed Supply Chain,9128.33,35.3,Low
1090,Surgical Supplies,Gauze,20762,5429,51173,7.46,380,8,V005,PrimeMed Supply Chain,6.14,54.636842105263156,Low
1091,Equipment/Consumables,Ventilator Filter,137,33,250,11022.08,7,7,V004,CarePlus Distributors,10687.42,19.571428571428573,Low
1092,Equipment/Consumables,BP Monitor Cuff,1187,385,2687,19807.97,40,4,V002,EquipMed Co.,19623.32,29.675,Low
1093,Diagnostic Supplies,Reagent,1448,394,2621,275.0,59,11,V002,EquipMed Co.,276.04,24.54237288135593,Low
1094,Surgical Supplies,Surgical Mask,1891,240,2534,43.93,292,8,V004,CarePlus Distributors,43.3,6.476027397260274,High
1095,IV & Emergency Supplies,Emergency Kit,2250,644,4178,523.45,86,5,V001,MedSupplies Inc.,570.97,26.162790697674417,Low
1096,Medicines,Painkiller,555,144,714,134.04,79,4,V001,MedSupplies Inc.,129.59,7.025316455696203,Medium
1097,Equipment/Consumables,Thermometer,690,157,1661,17492.22,16,9,V002,EquipMed Co.,14900.52,43.125,Low
1098,Diagnostic Supplies,Reagent,825,288,1277,513.73,43,14,V005,PrimeMed Supply Chain,468.39,19.186046511627907,Medium
1099,Medicines,Insulin,664,76,1626,278.99,75,11,V001,MedSupplies Inc.,271.31,8.853333333333333,High
1100,Equipment/Consumables,Ventilator Filter,594,95,962,19321.59,53,10,V003,HealthTools Ltd.,17425.14,11.20754716981132,Medium
1101,IV & Emergency Supplies,Emergency Kit,475,139,673,617.48,59,4,V005,PrimeMed Supply Chain,518.69,8.05084745762712,Low
1102,Medicines,Antiviral,9799,1417,21400,33.33,131,12,V004,CarePlus Distributors,33.38,74.80152671755725,Low
1103,Diagnostic Supplies,Blood Collection Tube,1655,535,3436,138.59,78,12,V005,PrimeMed Supply Chain,114.61,21.21794871794872,Medium
1104,Diagnostic Supplies,Blood Collection Tube,384,109,693,152.12,31,17,V004,CarePlus Distributors,139.2,12.387096774193548,High
1105,IV & Emergency Supplies,IV Fluid,1661,391,3913,545.35,147,3,V003,HealthTools Ltd.,501.87,11.299319727891156,Low
1106,Equipment/Consumables,Small Equipment,286,97,462,9616.85,30,12,V005,PrimeMed Supply Chain,10211.55,9.533333333333333,High
1107,Diagnostic Supplies,Blood Collection Tube,161,23,396,339.96,22,14,V003,HealthTools Ltd.,322.5,7.318181818181818,High
1108,Surgical Supplies,Syringes,1532,422,3764,31.42,151,3,V004,CarePlus Distributors,26.66,10.14569536423841,Low
1109,Surgical Supplies,Gauze,1896,305,4351,82.66,268,6,V005,PrimeMed Supply Chain,68.57,7.074626865671642,Medium
1110,Diagnostic Supplies,Reagent,219,62,423,279.78,17,14,V003,HealthTools Ltd.,245.03,12.882352941176471,High
1111,Medicines,Insulin,215,40,471,307.91,19,7,V001,MedSupplies Inc.,303.18,11.31578947368421,Medium
1112,Medicines,Antiviral,875,274,2104,54.39,110,12,V001,MedSupplies Inc.,45.22,7.954545454545454,High
1113,Medicines,Painkiller,2087,326,3988,477.96,61,5,V004,CarePlus Distributors,438.8,34.21311475409836,Low
1114,Surgical Supplies,Surgical Gloves,11365,3302,28266,78.22,237,7,V002,EquipMed Co.,67.68,47.95358649789029,Low
1115,IV & Emergency Supplies,Oxygen Mask,132,45,297,101.13,85,5,V003,HealthTools Ltd.,96.19,1.5529411764705883,High
1116,Equipment/Consumables,Thermometer,1123,321,1706,14590.0,12,13,V005,PrimeMed Supply Chain,12776.96,93.58333333333333,Low
1117,Medicines,Antihistamine,216,44,453,265.34,26,13,V005,PrimeMed Supply Chain,226.15,8.307692307692308,High
1118,Equipment/Consumables,BP Monitor Cuff,159,32,278,17443.93,6,9,V003,HealthTools Ltd.,18598.5,26.5,Low
1119,Surgical Supplies,Gauze,16269,5481,27320,2.99,312,8,V002,EquipMed Co.,3.18,52.14423076923077,Low
1120,IV & Emergency Supplies,Emergency Kit,897,99,1478,83.9,185,2,V001,MedSupplies Inc.,81.76,4.848648648648648,Low
1121,Equipment/Consumables,Small Equipment,56,17,93,8566.7,10,6,V002,EquipMed Co.,8868.03,5.6,High
1122,Surgical Supplies,Surgical Gloves,2015,489,3061,65.85,175,9,V005,PrimeMed Supply Chain,58.83,11.514285714285714,Medium
1123,Surgical Supplies,Surgical Gloves,4606,907,8471,30.93,212,6,V001,MedSupplies Inc.,28.4,21.72641509433962,Low
1124,Surgical Supplies,Syringes,342,90,804,72.29,152,4,V001,MedSupplies Inc.,76.47,2.25,High
1125,IV & Emergency Supplies,Cannula,2517,801,3950,479.23,65,6,V004,CarePlus Distributors,463.46,38.723076923076924,Low
1126,Diagnostic Supplies,Test Kit,980,298,2162,563.87,62,11,V002,EquipMed Co.,616.49,15.806451612903226,Medium
1127,Surgical Supplies,Gauze,4080,1038,7336,78.68,251,9,V005,PrimeMed Supply Chain,78.13,16.254980079681275,Medium
1128,IV & Emergency Supplies,Defibrillator Pads,1759,443,2202,613.09,62,5,V002,EquipMed Co.,563.45,28.370967741935484,Low
1129,Equipment/Consumables,Small Equipment,61,13,132,5667.93,9,4,V001,MedSupplies Inc.,4837.35,6.777777777777778,Medium
1130,Equipment/Consumables,Small Equipment,25,5,53,1839.74,25,3,V004,CarePlus Distributors,1556.58,1.0,High
1131,Medicines,Antiviral,3294,681,4476,221.29,49,10,V002,EquipMed Co.,208.62,67.22448979591837,Low
1132,Equipment/Consumables,Small Equipment,631,75,1315,8172.94,9,13,V004,CarePlus Distributors,6808.2,70.11111111111111,Low
1133,Equipment/Consumables,Ventilator Filter,1134,253,2055,19127.37,22,7,V004,CarePlus Distributors,15373.9,51.54545454545455,Low
1134,Equipment/Consumables,Small Equipment,786,165,1275,1179.22,12,14,V001,MedSupplies Inc.,1041.25,65.5,Low
1135,Equipment/Consumables,Thermometer,502,171,976,3063.15,42,8,V005,PrimeMed Supply Chain,2507.47,11.952380952380953,Medium
1136,Surgical Supplies,Syringes,284,74,431,40.7,196,2,V001,MedSupplies Inc.,42.16,1.4489795918367347,High
1137,Equipment/Consumables,Small Equipment,420,85,732,816.66,38,5,V004,CarePlus Distributors,845.38,11.052631578947368,Low
1138,Equipment/Consumables,BP Monitor Cuff,145,38,218,8795.7,25,7,V001,MedSupplies Inc.,7326.76,5.8,High
1139,Equipment/Consumables,Thermometer,500,69,630,3959.78,29,4,V002,EquipMed Co.,3627.5,17.24137931034483,Low
1140,IV & Emergency Supplies,IV Fluid,2320,763,3487,627.93,173,5,V001,MedSupplies Inc.,579.03,13.410404624277456,Low
1141,Diagnostic Supplies,Blood Collection Tube,6674,2150,10804,27.77,77,14,V001,MedSupplies Inc.,30.06,86.67532467532467,Low
1142,IV & Emergency Supplies,IV Fluid,923,304,1755,568.9,100,6,V001,MedSupplies Inc.,583.4,9.23,Medium
1143,Equipment/Consumables,Small Equipment,286,43,470,19333.97,48,7,V002,EquipMed Co.,15957.56,5.958333333333333,High
1144,Surgical Supplies,Syringes,710,168,924,94.43,114,6,V005,PrimeMed Supply Chain,98.01,6.228070175438597,Medium
1145,Diagnostic Supplies,X-ray Film,54,10,128,180.85,12,8,V001,MedSupplies Inc.,191.77,4.5,High
1146,Diagnostic Supplies,Reagent,1064,367,1334,593.65,9,16,V005,PrimeMed Supply Chain,481.89,118.22222222222223,Low
1147,Diagnostic Supplies,X-ray Film,1874,547,4252,583.93,71,5,V002,EquipMed Co.,569.53,26.3943661971831,Low
1148,Diagnostic Supplies,Blood Collection Tube,265,49,471,27.03,38,7,V002,EquipMed Co.,27.99,6.973684210526316,High
1149,Medicines,Insulin,539,134,919,207.14,36,13,V001,MedSupplies Inc.,180.37,14.972222222222221,Medium
1150,Medicines,Antihistamine,3049,749,5043,423.31,139,11,V004,CarePlus Distributors,371.73,21.93525179856115,Medium
1151,Diagnostic Supplies,Test Kit,331,105,647,324.24,50,15,V004,CarePlus Distributors,298.33,6.62,High
1152,Surgical Supplies,Syringes,1069,302,2464,6.72,262,5,V003,HealthTools Ltd.,5.92,4.080152671755725,High
1153,Surgical Supplies,Gauze,985,171,1921,55.38,260,2,V001,MedSupplies Inc.,56.23,3.7884615384615383,Medium
1154,Diagnostic Supplies,Reagent,526,131,823,186.61,32,7,V004,CarePlus Distributors,166.66,16.4375,Low
1155,Surgical Supplies,Surgical Gloves,280,47,692,27.79,94,2,V005,PrimeMed Supply Chain,25.26,2.978723404255319,Medium
1156,Equipment/Consumables,Thermometer,3046,1011,6811,12205.48,57,9,V004,CarePlus Distributors,11638.91,53.43859649122807,Low
1157,Surgical Supplies,Surgical Mask,928,156,1380,53.68,23,9,V004,CarePlus Distributors,55.83,40.34782608695652,Low
1158,Surgical Supplies,Sutures,14052,3524,33360,40.99,271,8,V005,PrimeMed Supply Chain,41.75,51.85239852398524,Low
1159,Medicines,Painkiller,86,8,132,107.93,20,5,V001,MedSupplies Inc.,106.35,4.3,High
1160,Equipment/Consumables,Ventilator Filter,459,58,634,10276.05,50,4,V001,MedSupplies Inc.,8444.62,9.18,Low
1161,Equipment/Consumables,Small Equipment,2326,768,3552,7136.95,34,10,V002,EquipMed Co.,7485.2,68.41176470588235,Low
1162,IV & Emergency Supplies,Oxygen Mask,103,32,147,691.5,66,3,V005,PrimeMed Supply Chain,658.2,1.5606060606060606,High
1163,Medicines,Painkiller,2720,835,4274,100.7,132,11,V005,PrimeMed Supply Chain,97.35,20.606060606060606,Medium
1164,Medicines,Painkiller,447,132,979,396.97,54,7,V001,MedSupplies Inc.,331.76,8.277777777777779,Medium
1165,Surgical Supplies,Surgical Mask,1778,320,2341,40.61,217,9,V001,MedSupplies Inc.,43.1,8.193548387096774,High
1166,IV & Emergency Supplies,Emergency Kit,3673,856,4577,761.41,107,5,V001,MedSupplies Inc.,680.86,34.32710280373832,Low
1167,Equipment/Consumables,Ventilator Filter,190,66,430,933.98,41,5,V003,HealthTools Ltd.,976.65,4.634146341463414,High
1168,Equipment/Consumables,Small Equipment,1188,204,1986,17188.6,36,6,V005,PrimeMed Supply Chain,14314.32,33.0,Low
1169,Diagnostic Supplies,X-ray Film,445,123,1090,351.33,66,13,V005,PrimeMed Supply Chain,344.03,6.742424242424242,High
1170,Diagnostic Supplies,Blood Collection Tube,2053,303,3848,410.06,23,17,V001,MedSupplies Inc.,448.58,89.26086956521739,Low
1171,Medicines,Painkiller,4491,1153,8198,415.32,121,6,V002,EquipMed Co.,438.24,37.11570247933884,Low
1172,Medicines,Painkiller,1882,617,3357,344.03,104,6,V003,HealthTools Ltd.,353.39,18.096153846153847,Low
1173,Diagnostic Supplies,Test Kit,3632,712,8054,113.16,58,8,V003,HealthTools Ltd.,99.09,62.62068965517241,Low
1174,Diagnostic Supplies,Test Kit,1697,494,2730,152.09,57,16,V005,PrimeMed Supply Chain,122.68,29.771929824561404,Medium
1175,IV & Emergency Supplies,Oxygen Mask,1662,317,3512,550.82,94,5,V003,HealthTools Ltd.,590.91,17.680851063829788,Low
1176,IV & Emergency Supplies,Cannula,67,14,109,381.2,16,3,V003,HealthTools Ltd.,336.04,4.1875,Medium
1177,Surgical Supplies,Surgical Mask,1566,405,2362,87.66,136,9,V005,PrimeMed Supply Chain,95.9,11.514705882352942,Medium
1178,Surgical Supplies,Sutures,392,47,801,41.31,46,6,V005,PrimeMed Supply Chain,39.24,8.521739130434783,Medium
1179,Equipment/Consumables,Thermometer,67,6,150,17792.29,37,3,V002,EquipMed Co.,18073.08,1.8108108108108107,High
1180,Medicines,Antihistamine,395,69,721,460.09,35,4,V005,PrimeMed Supply Chain,478.08,11.285714285714286,Low
1181,Medicines,Antihistamine,10234,2074,23776,171.16,133,10,V002,EquipMed Co.,143.42,76.94736842105263,Low
1182,Diagnostic Supplies,Blood Collection Tube,521,178,841,113.08,21,13,V003,HealthTools Ltd.,100.33,24.80952380952381,Medium
1183,IV & Emergency Supplies,Emergency Kit,1801,620,4087,357.13,76,3,V004,CarePlus Distributors,326.26,23.69736842105263,Low
1184,Equipment/Consumables,Small Equipment,326,106,409,15327.79,5,9,V002,EquipMed Co.,16836.47,65.2,Low
1185,Medicines,Antihistamine,604,165,1284,456.73,35,5,V003,HealthTools Ltd.,453.56,17.257142857142856,Low
1186,Equipment/Consumables,Thermometer,140,25,264,1772.42,22,14,V004,CarePlus Distributors,1825.36,6.363636363636363,High
1187,Equipment/Consumables,BP Monitor Cuff,205,49,428,1282.6,11,6,V002,EquipMed Co.,1342.24,18.636363636363637,Low
1188,Surgical Supplies,Surgical Mask,2235,436,3360,11.85,319,4,V004,CarePlus Distributors,12.15,7.006269592476489,Medium
1189,Diagnostic Supplies,X-ray Film,218,30,488,291.98,48,6,V003,HealthTools Ltd.,313.94,4.541666666666667,High
1190,Diagnostic Supplies,Reagent,2473,715,6122,469.36,25,14,V003,HealthTools Ltd.,380.28,98.92,Low
1191,IV & Emergency Supplies,Defibrillator Pads,515,69,1079,391.04,86,6,V004,CarePlus Distributors,399.76,5.988372093023256,High
1192,IV & Emergency Supplies,Cannula,366,66,877,711.68,152,5,V001,MedSupplies Inc.,577.52,2.4078947368421053,High
1193,Equipment/Consumables,Thermometer,23,2,35,3861.5,6,4,V001,MedSupplies Inc.,3325.18,3.8333333333333335,High
1194,Medicines,Insulin,906,220,1798,346.57,79,3,V001,MedSupplies Inc.,351.69,11.468354430379748,Low
1195,IV & Emergency Supplies,Emergency Kit,449,82,875,481.85,120,2,V001,MedSupplies Inc.,421.27,3.7416666666666667,Medium
1196,Medicines,Painkiller,3339,506,8223,19.12,38,11,V002,EquipMed Co.,17.27,87.86842105263158,Low
1197,Surgical Supplies,Surgical Mask,1531,478,2260,75.13,316,3,V004,CarePlus Distributors,60.66,4.844936708860759,Medium
1198,Medicines,Painkiller,1251,315,2266,220.7,81,4,V004,CarePlus Distributors,227.52,15.444444444444445,Low
1199,Medicines,Insulin,832,85,1193,177.64,20,11,V001,MedSupplies Inc.,193.41,41.6,Low
1200,Equipment/Consumables,Thermometer,146,19,225,16728.26,49,3,V003,HealthTools Ltd.,14219.73,2.979591836734694,High
1201,Equipment/Consumables,BP Monitor Cuff,400,50,525,10970.26,51,4,V005,PrimeMed Supply Chain,10294.73,7.8431372549019605,Medium
1202,IV & Emergency Supplies,Cannula,863,281,1671,642.83,148,3,V003,HealthTools Ltd.,578.34,5.831081081081081,Medium
1203,IV & Emergency Supplies,Defibrillator Pads,415,142,982,264.16,120,2,V004,CarePlus Distributors,275.91,3.4583333333333335,Medium
1204,Medicines,Antibiotic,758,145,1353,410.83,76,8,V005,PrimeMed Supply Chain,435.07,9.973684210526315,Medium
1205,Diagnostic Supplies,Test Kit,1377,422,1964,259.7,54,12,V001,MedSupplies Inc.,246.82,25.5,Low
1206,Equipment/Consumables,BP Monitor Cuff,933,319,1638,11343.42,25,6,V001,MedSupplies Inc.,10616.73,37.32,Low
1207,Medicines,Insulin,237,76,574,229.11,109,6,V004,CarePlus Distributors,210.13,2.1743119266055047,High
1208,IV & Emergency Supplies,Cannula,21,3,52,134.84,34,2,V005,PrimeMed Supply Chain,115.92,0.6176470588235294,High
1209,Equipment/Consumables,Small Equipment,74,20,154,13541.44,4,14,V002,EquipMed Co.,13372.56,18.5,Medium
1210,Diagnostic Supplies,X-ray Film,269,41,468,219.76,18,9,V001,MedSupplies Inc.,221.65,14.944444444444445,Medium
1211,Diagnostic Supplies,Blood Collection Tube,356,108,845,77.09,20,13,V003,HealthTools Ltd.,80.09,17.8,Medium
1212,IV & Emergency Supplies,Emergency Kit,51,11,109,29.92,19,6,V001,MedSupplies Inc.,32.03,2.6842105263157894,High
1213,Diagnostic Supplies,X-ray Film,218,50,358,86.42,8,15,V003,HealthTools Ltd.,85.67,27.25,Medium
1214,IV & Emergency Supplies,Defibrillator Pads,506,151,906,702.44,156,4,V004,CarePlus Distributors,594.24,3.2435897435897436,High
1215,IV & Emergency Supplies,IV Fluid,2038,582,2624,146.51,74,4,V003,HealthTools Ltd.,148.08,27.54054054054054,Low
1216,Diagnostic Supplies,Blood Collection Tube,27,5,54,351.49,7,5,V001,MedSupplies Inc.,349.17,3.857142857142857,High
1217,Diagnostic Supplies,X-ray Film,317,108,567,386.81,46,13,V005,PrimeMed Supply Chain,382.17,6.891304347826087,High
1218,Medicines,Painkiller,81,10,177,464.68,15,8,V001,MedSupplies Inc.,486.27,5.4,High
1219,IV & Emergency Supplies,Cannula,717,82,1042,591.94,118,4,V005,PrimeMed Supply Chain,617.64,6.076271186440678,Medium
1220,Equipment/Consumables,BP Monitor Cuff,1102,327,2003,6197.12,40,4,V001,MedSupplies Inc.,5786.79,27.55,Low
1221,Equipment/Consumables,Ventilator Filter,133,36,170,14790.54,43,9,V004,CarePlus Distributors,14467.92,3.0930232558139537,High
1222,Equipment/Consumables,Thermometer,3032,981,6750,19448.19,40,13,V001,MedSupplies Inc.,19792.59,75.8,Low
1223,Diagnostic Supplies,Test Kit,1671,480,3001,114.8,18,18,V003,HealthTools Ltd.,120.59,92.83333333333333,Low
1224,Equipment/Consumables,Thermometer,309,71,673,15599.64,29,10,V003,HealthTools Ltd.,15818.26,10.655172413793103,Medium
1225,Medicines,Antiviral,3223,328,4010,82.27,138,9,V001,MedSupplies Inc.,67.7,23.355072463768117,Low
1226,Medicines,Insulin,1712,450,2200,59.18,71,11,V005,PrimeMed Supply Chain,56.54,24.112676056338028,Low
1227,Medicines,Antiviral,687,212,1310,371.71,106,12,V001,MedSupplies Inc.,347.41,6.481132075471698,High
1228,Medicines,Antiviral,120,29,186,242.97,20,3,V004,CarePlus Distributors,220.15,6.0,Low
1229,Medicines,Painkiller,488,115,781,256.74,85,4,V004,CarePlus Distributors,213.2,5.741176470588235,Medium
1230,Medicines,Antibiotic,3259,839,7900,399.85,131,7,V005,PrimeMed Supply Chain,326.02,24.87786259541985,Low
1231,Equipment/Consumables,Ventilator Filter,496,96,1055,13048.39,15,9,V003,HealthTools Ltd.,12512.13,33.06666666666667,Low
1232,Equipment/Consumables,Ventilator Filter,145,22,216,15567.71,44,4,V005,PrimeMed Supply Chain,16558.78,3.2954545454545454,High
1233,Equipment/Consumables,Thermometer,91,10,121,11110.12,8,9,V004,CarePlus Distributors,9623.26,11.375,Medium
1234,Medicines,Antiviral,109,13,216,237.4,19,9,V001,MedSupplies Inc.,244.17,5.7368421052631575,High
1235,Medicines,Insulin,1447,262,1776,63.1,83,4,V004,CarePlus Distributors,65.9,17.433734939759034,Low
1236,Equipment/Consumables,Thermometer,2195,464,3374,3175.6,35,8,V002,EquipMed Co.,2944.3,62.714285714285715,Low
1237,IV & Emergency Supplies,Oxygen Mask,4678,551,7663,741.82,166,4,V003,HealthTools Ltd.,674.94,28.180722891566266,Low
1238,Surgical Supplies,Gauze,9733,3140,18660,12.27,299,8,V004,CarePlus Distributors,10.35,32.551839464882946,Low
1239,Equipment/Consumables,BP Monitor Cuff,145,27,251,15639.88,15,7,V003,HealthTools Ltd.,12512.42,9.666666666666666,Medium
1240,Surgical Supplies,Syringes,3353,680,7251,9.32,177,8,V004,CarePlus Distributors,9.49,18.943502824858758,Low
1241,Diagnostic Supplies,Reagent,317,82,697,119.66,71,9,V002,EquipMed Co.,119.48,4.464788732394366,High
1242,IV & Emergency Supplies,IV Fluid,402,139,671,620.43,184,2,V002,EquipMed Co.,570.21,2.1847826086956523,Medium
1243,Medicines,Antibiotic,996,256,1478,338.38,126,7,V004,CarePlus Distributors,280.02,7.904761904761905,Medium
1244,Diagnostic Supplies,X-ray Film,1014,159,1930,433.51,15,9,V004,CarePlus Distributors,449.79,67.6,Low
1245,IV & Emergency Supplies,Oxygen Mask,173,46,245,568.27,116,2,V004,CarePlus Distributors,604.12,1.4913793103448276,High
1246,Equipment/Consumables,Ventilator Filter,1950,619,4567,6907.64,41,9,V003,HealthTools Ltd.,7239.49,47.5609756097561,Low
1247,Equipment/Consumables,Ventilator Filter,319,42,630,13803.02,12,12,V001,MedSupplies Inc.,14464.07,26.583333333333332,Low
1248,IV & Emergency Supplies,IV Fluid,2333,645,4626,317.33,175,6,V001,MedSupplies Inc.,258.5,13.331428571428571,Low
1249,Surgical Supplies,Syringes,148,43,201,27.25,44,3,V002,EquipMed Co.,28.54,3.3636363636363638,Medium
1250,Medicines,Antihistamine,5539,858,10995,209.31,75,13,V003,HealthTools Ltd.,211.34,73.85333333333334,Low
1251,Equipment/Consumables,Ventilator Filter,1037,224,2539,18764.8,43,12,V004,CarePlus Distributors,20133.79,24.11627906976744,Low
1252,Equipment/Consumables,BP Monitor Cuff,1101,315,1715,13607.58,21,7,V001,MedSupplies Inc.,11003.99,52.42857142857143,Low
1253,Diagnostic Supplies,Blood Collection Tube,660,162,1088,390.8,65,19,V002,EquipMed Co.,337.9,10.153846153846153,High
1254,Medicines,Antiviral,105,18,234,265.49,22,6,V004,CarePlus Distributors,242.38,4.7727272727272725,High
1255,Surgical Supplies,Sutures,115,31,142,79.05,101,3,V002,EquipMed Co.,84.75,1.1386138613861385,High
1256,Diagnostic Supplies,Blood Collection Tube,53,7,111,32.44,7,7,V002,EquipMed Co.,32.86,7.571428571428571,Medium
1257,Surgical Supplies,Gauze,1522,447,2417,58.88,108,6,V003,HealthTools Ltd.,54.61,14.092592592592593,Low
1258,Surgical Supplies,Sutures,3314,518,7515,6.2,305,2,V004,CarePlus Distributors,5.93,10.865573770491803,Low
1259,IV & Emergency Supplies,Emergency Kit,662,224,1063,203.94,63,5,V004,CarePlus Distributors,177.45,10.507936507936508,Low
1260,Diagnostic Supplies,X-ray Film,72,22,132,346.47,9,11,V001,MedSupplies Inc.,376.71,8.0,High
1261,IV & Emergency Supplies,Defibrillator Pads,1138,134,2826,470.62,149,4,V004,CarePlus Distributors,514.43,7.6375838926174495,Medium
1262,IV & Emergency Supplies,Emergency Kit,295,37,554,544.88,146,4,V003,HealthTools Ltd.,445.71,2.0205479452054793,High
1263,Medicines,Painkiller,940,193,1693,276.0,67,8,V004,CarePlus Distributors,287.53,14.029850746268657,Medium
1264,IV & Emergency Supplies,Oxygen Mask,303,103,380,88.66,79,4,V002,EquipMed Co.,71.18,3.8354430379746836,High
1265,Equipment/Consumables,Thermometer,414,110,800,18483.35,35,13,V005,PrimeMed Supply Chain,15554.82,11.82857142857143,High
1266,Equipment/Consumables,Small Equipment,179,45,216,14400.49,14,9,V001,MedSupplies Inc.,12153.54,12.785714285714286,Medium
1267,Diagnostic Supplies,X-ray Film,174,40,429,44.63,58,8,V001,MedSupplies Inc.,48.75,3.0,High
1268,Surgical Supplies,Gauze,169,56,317,65.04,21,5,V004,CarePlus Distributors,60.03,8.047619047619047,Medium
1269,IV & Emergency Supplies,Cannula,659,70,1404,188.87,21,5,V005,PrimeMed Supply Chain,180.93,31.38095238095238,Low
1270,Medicines,Insulin,5247,668,6757,31.61,133,8,V003,HealthTools Ltd.,30.31,39.45112781954887,Low
1271,Equipment/Consumables,Thermometer,127,22,259,9221.2,56,4,V004,CarePlus Distributors,9641.62,2.267857142857143,High
1272,Equipment/Consumables,Ventilator Filter,79,13,130,7331.43,3,8,V004,CarePlus Distributors,6658.6,26.333333333333332,Low
1273,Surgical Supplies,Gauze,10793,3533,20114,72.45,263,8,V001,MedSupplies Inc.,71.93,41.038022813688215,Low
1274,Medicines,Painkiller,1946,584,3635,480.82,143,8,V004,CarePlus Distributors,491.75,13.608391608391608,Medium
1275,IV & Emergency Supplies,Oxygen Mask,614,188,1070,152.89,83,5,V003,HealthTools Ltd.,133.6,7.397590361445783,Medium
1276,Diagnostic Supplies,Reagent,2346,636,3224,107.91,75,12,V002,EquipMed Co.,87.17,31.28,Low
1277,Surgical Supplies,Surgical Gloves,963,315,1734,10.69,364,4,V003,HealthTools Ltd.,9.54,2.6456043956043955,High
1278,Equipment/Consumables,Thermometer,1853,244,3414,4941.76,37,7,V005,PrimeMed Supply Chain,4330.79,50.08108108108108,Low
1279,Equipment/Consumables,BP Monitor Cuff,79,18,141,17812.63,21,4,V004,CarePlus Distributors,14522.84,3.761904761904762,High
1280,IV & Emergency Supplies,Cannula,75,20,124,630.25,23,2,V003,HealthTools Ltd.,658.56,3.260869565217391,Medium
1281,Surgical Supplies,Syringes,12846,2879,27730,78.72,269,6,V001,MedSupplies Inc.,72.87,47.7546468401487,Low
1282,Surgical Supplies,Syringes,10685,1738,19220,17.76,232,7,V005,PrimeMed Supply Chain,15.51,46.05603448275862,Low
1283,Diagnostic Supplies,Test Kit,646,116,1162,334.7,48,7,V001,MedSupplies Inc.,301.38,13.458333333333334,Medium
1284,Medicines,Insulin,219,34,499,149.43,24,11,V002,EquipMed Co.,122.09,9.125,High
1285,Surgical Supplies,Surgical Gloves,446,80,773,91.35,87,7,V004,CarePlus Distributors,97.24,5.126436781609195,High
1286,IV & Emergency Supplies,Emergency Kit,299,51,645,67.53,91,6,V001,MedSupplies Inc.,61.01,3.2857142857142856,High
1287,Surgical Supplies,Syringes,859,266,1322,42.77,47,7,V004,CarePlus Distributors,43.75,18.27659574468085,Low
1288,Equipment/Consumables,Thermometer,397,86,600,18906.59,6,13,V001,MedSupplies Inc.,15813.92,66.16666666666667,Low
1289,Surgical Supplies,Surgical Mask,6374,1733,12004,87.85,200,4,V005,PrimeMed Supply Chain,85.31,31.87,Low
1290,IV & Emergency Supplies,IV Fluid,253,47,481,169.12,91,2,V005,PrimeMed Supply Chain,162.1,2.78021978021978,Medium
1291,Surgical Supplies,Syringes,1167,232,1597,68.59,144,2,V004,CarePlus Distributors,61.39,8.104166666666666,Low
1292,Medicines,Antihistamine,1691,494,3648,59.96,149,7,V003,HealthTools Ltd.,53.67,11.348993288590604,Medium
1293,IV & Emergency Supplies,Oxygen Mask,618,177,1485,86.72,155,6,V001,MedSupplies Inc.,71.19,3.9870967741935486,High
1294,Surgical Supplies,Syringes,470,144,1024,47.67,55,3,V002,EquipMed Co.,44.98,8.545454545454545,Low
1295,Equipment/Consumables,Small Equipment,442,117,605,4757.14,32,14,V001,MedSupplies Inc.,4581.49,13.8125,High
1296,Equipment/Consumables,Thermometer,74,13,100,13670.51,36,5,V003,HealthTools Ltd.,14215.67,2.0555555555555554,High
1297,IV & Emergency Supplies,Oxygen Mask,173,28,209,576.17,56,5,V001,MedSupplies Inc.,632.75,3.0892857142857144,High
1298,Equipment/Consumables,BP Monitor Cuff,1175,349,2632,1940.04,53,3,V002,EquipMed Co.,2029.58,22.169811320754718,Low
1299,Equipment/Consumables,Thermometer,91,11,191,1320.24,59,3,V004,CarePlus Distributors,1093.88,1.5423728813559323,High
1300,Surgical Supplies,Gauze,129,44,210,68.13,119,3,V003,HealthTools Ltd.,71.76,1.084033613445378,High
1301,Diagnostic Supplies,Blood Collection Tube,958,304,1183,421.7,61,18,V002,EquipMed Co.,391.93,15.704918032786885,High
1302,Equipment/Consumables,Small Equipment,520,119,1261,16788.78,49,6,V002,EquipMed Co.,15299.35,10.612244897959183,Medium
1303,Equipment/Consumables,Small Equipment,277,56,617,17012.1,9,8,V005,PrimeMed Supply Chain,16167.84,30.77777777777778,Low
1304,Equipment/Consumables,BP Monitor Cuff,3144,977,6034,14519.03,59,10,V003,HealthTools Ltd.,12204.71,53.28813559322034,Low
1305,Medicines,Insulin,143,21,274,460.32,39,3,V002,EquipMed Co.,478.89,3.6666666666666665,Medium
1306,Medicines,Antibiotic,1341,199,3209,107.73,138,11,V004,CarePlus Distributors,113.53,9.717391304347826,High
1307,IV & Emergency Supplies,Oxygen Mask,271,35,541,651.08,169,2,V005,PrimeMed Supply Chain,568.95,1.6035502958579881,High
1308,IV & Emergency Supplies,Defibrillator Pads,1369,257,2344,734.53,67,3,V002,EquipMed Co.,684.52,20.432835820895523,Low
1309,Surgical Supplies,Surgical Gloves,618,165,972,55.6,284,4,V001,MedSupplies Inc.,53.16,2.176056338028169,High
1310,Medicines,Antiviral,2169,385,4209,322.91,77,10,V001,MedSupplies Inc.,332.99,28.16883116883117,Low
1311,IV & Emergency Supplies,Cannula,74,11,148,234.49,59,2,V004,CarePlus Distributors,217.38,1.2542372881355932,High
1312,Surgical Supplies,Syringes,222,65,278,9.7,27,4,V003,HealthTools Ltd.,10.3,8.222222222222221,Low
1313,Medicines,Antibiotic,1731,304,2622,373.79,125,11,V002,EquipMed Co.,397.6,13.848,Medium
1314,Equipment/Consumables,Ventilator Filter,1821,367,2414,18951.23,59,7,V004,CarePlus Distributors,15194.36,30.864406779661017,Low
1315,IV & Emergency Supplies,Defibrillator Pads,235,35,288,33.49,11,3,V001,MedSupplies Inc.,30.18,21.363636363636363,Low
1316,Surgical Supplies,Syringes,731,110,1545,53.09,189,8,V004,CarePlus Distributors,57.03,3.867724867724868,High
1317,Surgical Supplies,Surgical Mask,201,54,398,86.2,66,9,V002,EquipMed Co.,73.46,3.0454545454545454,High
1318,Diagnostic Supplies,Blood Collection Tube,332,72,543,184.01,22,9,V002,EquipMed Co.,162.68,15.090909090909092,Medium
1319,Diagnostic Supplies,Blood Collection Tube,2584,651,3808,513.08,65,10,V004,CarePlus Distributors,485.59,39.753846153846155,Low
1320,Equipment/Consumables,Ventilator Filter,216,70,355,222.44,33,3,V005,PrimeMed Supply Chain,212.97,6.545454545454546,Low
1321,Surgical Supplies,Surgical Mask,6049,1965,13309,63.09,137,8,V001,MedSupplies Inc.,63.28,44.153284671532845,Low
1322,Diagnostic Supplies,Reagent,747,255,1774,373.45,69,9,V003,HealthTools Ltd.,367.35,10.826086956521738,Medium
1323,Medicines,Antihistamine,500,156,664,134.02,70,13,V005,PrimeMed Supply Chain,132.78,7.142857142857143,High
1324,Surgical Supplies,Gauze,231,69,565,9.74,43,4,V005,PrimeMed Supply Chain,10.5,5.372093023255814,Medium
1325,IV & Emergency Supplies,IV Fluid,122,42,202,58.69,73,3,V001,MedSupplies Inc.,62.55,1.6712328767123288,High
1326,Diagnostic Supplies,Blood Collection Tube,212,42,502,118.93,37,6,V001,MedSupplies Inc.,129.41,5.72972972972973,High
1327,Diagnostic Supplies,X-ray Film,1887,649,4156,470.72,22,14,V001,MedSupplies Inc.,485.17,85.77272727272727,Low
1328,IV & Emergency Supplies,Defibrillator Pads,937,103,1880,59.09,182,6,V004,CarePlus Distributors,54.04,5.148351648351649,High
1329,Surgical Supplies,Surgical Gloves,322,77,711,72.08,125,3,V001,MedSupplies Inc.,67.46,2.576,High
1330,IV & Emergency Supplies,Oxygen Mask,252,57,492,158.52,37,4,V003,HealthTools Ltd.,162.1,6.8108108108108105,Medium
1331,Surgical Supplies,Syringes,2041,399,3066,12.06,149,6,V002,EquipMed Co.,12.79,13.697986577181208,Low
1332,Medicines,Insulin,659,115,1197,17.4,128,11,V002,EquipMed Co.,14.77,5.1484375,High
1333,IV & Emergency Supplies,Emergency Kit,3355,1028,6460,91.43,145,6,V005,PrimeMed Supply Chain,96.73,23.137931034482758,Low
1334,Surgical Supplies,Surgical Gloves,8645,1230,15743,94.64,386,5,V004,CarePlus Distributors,93.55,22.39637305699482,Low
1335,Medicines,Insulin,2105,504,4650,114.56,69,8,V003,HealthTools Ltd.,93.42,30.507246376811594,Low
1336,Equipment/Consumables,BP Monitor Cuff,247,47,387,18386.1,34,9,V004,CarePlus Distributors,16528.29,7.264705882352941,High
1337,Surgical Supplies,Gauze,853,200,1408,17.67,27,5,V003,HealthTools Ltd.,18.81,31.59259259259259,Low
1338,IV & Emergency Supplies,Emergency Kit,446,143,880,184.68,70,5,V001,MedSupplies Inc.,202.73,6.371428571428571,Medium
1339,Medicines,Antihistamine,3339,365,4284,108.0,145,12,V001,MedSupplies Inc.,116.5,23.02758620689655,Medium
1340,Surgical Supplies,Sutures,158,20,211,6.24,56,7,V004,CarePlus Distributors,5.74,2.8214285714285716,High
1341,IV & Emergency Supplies,Defibrillator Pads,2865,885,7051,80.55,88,5,V003,HealthTools Ltd.,80.77,32.55681818181818,Low
1342,IV & Emergency Supplies,Defibrillator Pads,330,115,456,320.24,129,4,V004,CarePlus Distributors,333.4,2.558139534883721,High
1343,Surgical Supplies,Syringes,743,109,1401,6.29,65,4,V001,MedSupplies Inc.,5.95,11.430769230769231,Low
1344,Surgical Supplies,Syringes,7966,890,9951,5.1,220,9,V001,MedSupplies Inc.,4.76,36.20909090909091,Low
1345,Medicines,Insulin,4913,1015,8066,175.75,113,13,V004,CarePlus Distributors,181.15,43.47787610619469,Low
1346,IV & Emergency Supplies,Emergency Kit,330,105,523,413.74,48,6,V002,EquipMed Co.,410.45,6.875,Medium
1347,Equipment/Consumables,Small Equipment,1763,517,3927,14706.72,28,12,V004,CarePlus Distributors,14256.45,62.964285714285715,Low
1348,Diagnostic Supplies,Reagent,6479,1824,15842,256.34,50,18,V004,CarePlus Distributors,225.82,129.58,Low
1349,Equipment/Consumables,Thermometer,1148,270,1547,8748.37,21,12,V004,CarePlus Distributors,9454.74,54.666666666666664,Low
1350,Equipment/Consumables,Small Equipment,234,60,502,14778.95,48,4,V001,MedSupplies Inc.,12369.79,4.875,Medium
1351,Medicines,Antihistamine,1782,223,3767,289.07,136,3,V005,PrimeMed Supply Chain,294.26,13.102941176470589,Low
1352,Diagnostic Supplies,Reagent,444,127,982,470.67,7,14,V003,HealthTools Ltd.,501.39,63.42857142857143,Low
1353,Diagnostic Supplies,Test Kit,3099,831,5724,217.6,66,18,V002,EquipMed Co.,178.82,46.95454545454545,Low
1354,Surgical Supplies,Gauze,2048,702,4141,69.78,160,8,V001,MedSupplies Inc.,66.64,12.8,Medium
1355,IV & Emergency Supplies,Emergency Kit,596,71,1218,301.11,182,4,V002,EquipMed Co.,250.92,3.2747252747252746,High
1356,Surgical Supplies,Surgical Gloves,17071,2713,37529,3.83,370,9,V005,PrimeMed Supply Chain,3.67,46.137837837837836,Low
1357,IV & Emergency Supplies,Oxygen Mask,1690,200,3096,406.44,91,6,V001,MedSupplies Inc.,369.26,18.571428571428573,Low
1358,Surgical Supplies,Gauze,789,200,955,78.72,310,3,V001,MedSupplies Inc.,64.79,2.5451612903225804,High
1359,Surgical Supplies,Sutures,2333,310,3196,93.13,371,7,V001,MedSupplies Inc.,86.29,6.288409703504043,High
1360,IV & Emergency Supplies,Defibrillator Pads,106,36,152,102.11,53,2,V004,CarePlus Distributors,105.76,2.0,Medium
1361,Diagnostic Supplies,Blood Collection Tube,783,218,1587,360.37,29,13,V003,HealthTools Ltd.,358.03,27.0,Low
1362,IV & Emergency Supplies,Emergency Kit,1410,142,2257,398.5,160,2,V001,MedSupplies Inc.,403.88,8.8125,Low
1363,Equipment/Consumables,Thermometer,210,32,445,18297.95,58,6,V004,CarePlus Distributors,18294.96,3.6206896551724137,High
1364,Surgical Supplies,Gauze,1489,304,2174,79.43,95,5,V002,EquipMed Co.,63.88,15.673684210526316,Low
1365,Equipment/Consumables,BP Monitor Cuff,702,124,1280,13974.11,36,10,V001,MedSupplies Inc.,14669.77,19.5,Medium
1366,Equipment/Consumables,BP Monitor Cuff,1611,341,2315,203.44,39,8,V002,EquipMed Co.,192.19,41.30769230769231,Low
1367,Surgical Supplies,Surgical Gloves,2549,878,5992,41.65,297,6,V001,MedSupplies Inc.,36.31,8.582491582491583,Medium
1368,Surgical Supplies,Surgical Mask,1851,564,4550,5.9,95,6,V002,EquipMed Co.,5.76,19.48421052631579,Low
1369,Surgical Supplies,Surgical Gloves,1798,359,3030,5.11,282,2,V003,HealthTools Ltd.,5.23,6.375886524822695,Low
1370,Diagnostic Supplies,Blood Collection Tube,1539,352,2312,137.14,47,14,V001,MedSupplies Inc.,115.69,32.744680851063826,Low
1371,IV & Emergency Supplies,Defibrillator Pads,430,127,821,504.02,28,3,V005,PrimeMed Supply Chain,507.29,15.357142857142858,Low
1372,Equipment/Consumables,Ventilator Filter,1137,396,2502,7064.44,20,8,V003,HealthTools Ltd.,6365.6,56.85,Low
1373,Equipment/Consumables,Ventilator Filter,391,113,940,9854.54,20,9,V003,HealthTools Ltd.,10047.53,19.55,Low
1374,Equipment/Consumables,Ventilator Filter,141,46,292,3866.02,2,13,V003,HealthTools Ltd.,4192.91,70.5,Low
1375,IV & Emergency Supplies,Cannula,227,77,456,117.7,32,3,V004,CarePlus Distributors,103.99,7.09375,Low
1376,IV & Emergency Supplies,IV Fluid,143,35,281,42.08,82,2,V001,MedSupplies Inc.,45.45,1.7439024390243902,High
1377,Surgical Supplies,Sutures,3657,670,7733,14.15,171,3,V002,EquipMed Co.,14.19,21.385964912280702,Low
1378,IV & Emergency Supplies,Cannula,8002,1762,18468,364.2,189,6,V003,HealthTools Ltd.,292.83,42.33862433862434,Low
1379,Equipment/Consumables,BP Monitor Cuff,601,145,797,16002.26,23,4,V001,MedSupplies Inc.,13203.86,26.130434782608695,Low
1380,Surgical Supplies,Syringes,30,5,72,85.03,24,4,V002,EquipMed Co.,82.76,1.25,High
1381,Diagnostic Supplies,Test Kit,424,61,755,44.02,30,10,V005,PrimeMed Supply Chain,47.48,14.133333333333333,Medium
1382,Equipment/Consumables,Small Equipment,808,168,1396,11315.91,34,12,V002,EquipMed Co.,10922.34,23.764705882352942,Medium
1383,Medicines,Antibiotic,454,158,967,367.01,62,11,V004,CarePlus Distributors,378.51,7.32258064516129,High
1384,Medicines,Insulin,1210,363,2507,106.09,85,6,V005,PrimeMed Supply Chain,85.06,14.235294117647058,Low
1385,Diagnostic Supplies,Test Kit,299,101,544,148.38,31,10,V001,MedSupplies Inc.,135.32,9.64516129032258,High
1386,Medicines,Painkiller,230,23,537,48.62,40,5,V001,MedSupplies Inc.,45.08,5.75,Medium
1387,Equipment/Consumables,Thermometer,226,62,435,668.88,23,4,V004,CarePlus Distributors,576.02,9.826086956521738,Low
1388,IV & Emergency Supplies,Oxygen Mask,226,44,373,732.94,90,4,V003,HealthTools Ltd.,664.76,2.511111111111111,High
1389,Equipment/Consumables,Small Equipment,16,4,33,17748.18,4,11,V004,CarePlus Distributors,16548.64,4.0,High
1390,Diagnostic Supplies,X-ray Film,799,143,1053,531.97,32,10,V001,MedSupplies Inc.,507.21,24.96875,Low
1391,Medicines,Painkiller,4462,938,9912,242.37,113,7,V002,EquipMed Co.,244.25,39.48672566371681,Low
1392,Equipment/Consumables,Thermometer,441,137,755,1076.06,39,7,V002,EquipMed Co.,1103.52,11.307692307692308,Medium
1393,Medicines,Painkiller,171,34,249,236.16,92,4,V002,EquipMed Co.,257.33,1.858695652173913,High
1394,Equipment/Consumables,Thermometer,3371,890,7373,8322.44,35,14,V001,MedSupplies Inc.,8902.39,96.31428571428572,Low
1395,IV & Emergency Supplies,Oxygen Mask,5391,1318,8052,372.57,158,5,V005,PrimeMed Supply Chain,377.48,34.120253164556964,Low
1396,Diagnostic Supplies,Test Kit,71,17,100,168.33,7,14,V003,HealthTools Ltd.,177.88,10.142857142857142,High
1397,Medicines,Insulin,929,171,1846,439.9,80,10,V001,MedSupplies Inc.,475.94,11.6125,Medium
1398,Medicines,Antiviral,1840,238,3881,381.74,41,9,V002,EquipMed Co.,419.27,44.8780487804878,Low
1399,Equipment/Consumables,Ventilator Filter,340,42,642,12922.34,44,8,V002,EquipMed Co.,13182.87,7.7272727272727275,High
1400,Medicines,Antihistamine,9881,2008,23672,419.26,120,11,V005,PrimeMed Supply Chain,449.01,82.34166666666667,Low
1401,Equipment/Consumables,Thermometer,751,189,1685,2700.47,13,9,V005,PrimeMed Supply Chain,2186.54,57.76923076923077,Low
1402,Equipment/Consumables,BP Monitor Cuff,777,167,1166,17056.98,37,9,V005,PrimeMed Supply Chain,17774.8,21.0,Low
1403,Diagnostic Supplies,X-ray Film,191,38,373,308.76,9,16,V003,HealthTools Ltd.,285.11,21.22222222222222,Medium
1404,Surgical Supplies,Syringes,870,228,1625,68.15,76,5,V004,CarePlus Distributors,64.18,11.447368421052632,Low
1405,Surgical Supplies,Surgical Gloves,7798,1755,16658,5.59,222,9,V001,MedSupplies Inc.,5.55,35.126126126126124,Low
1406,Medicines,Antihistamine,527,110,1090,326.42,38,7,V003,HealthTools Ltd.,344.67,13.868421052631579,Medium
1407,Surgical Supplies,Sutures,1925,604,2817,33.98,205,6,V002,EquipMed Co.,36.63,9.390243902439025,Medium
1408,Medicines,Antibiotic,936,275,1626,166.23,98,4,V005,PrimeMed Supply Chain,140.45,9.551020408163266,Low
1409,Equipment/Consumables,Ventilator Filter,192,53,273,4177.73,23,12,V002,EquipMed Co.,3620.54,8.347826086956522,High
1410,Diagnostic Supplies,X-ray Film,876,303,1313,158.11,35,13,V002,EquipMed Co.,158.35,25.02857142857143,Medium
1411,Surgical Supplies,Syringes,8817,2526,14290,86.89,365,4,V003,HealthTools Ltd.,70.91,24.156164383561645,Low
1412,IV & Emergency Supplies,Oxygen Mask,785,161,1681,298.19,18,6,V004,CarePlus Distributors,258.43,43.611111111111114,Low
1413,Equipment/Consumables,Ventilator Filter,94,13,205,13391.29,30,9,V002,EquipMed Co.,10896.96,3.1333333333333333,High
1414,IV & Emergency Supplies,Oxygen Mask,1695,403,3483,478.6,171,5,V003,HealthTools Ltd.,436.34,9.912280701754385,Medium
1415,Equipment/Consumables,Thermometer,2104,278,4504,4291.37,29,14,V004,CarePlus Distributors,4475.05,72.55172413793103,Low
1416,Equipment/Consumables,Ventilator Filter,32,7,65,4025.82,4,4,V001,MedSupplies Inc.,3673.65,8.0,Low
1417,IV & Emergency Supplies,Cannula,146,35,234,426.24,17,3,V004,CarePlus Distributors,460.05,8.588235294117647,Low
1418,Surgical Supplies,Surgical Gloves,4529,1473,11238,81.16,243,8,V004,CarePlus Distributors,78.84,18.637860082304528,Low
1419,Medicines,Antibiotic,1570,460,3804,139.7,87,5,V005,PrimeMed Supply Chain,130.98,18.04597701149425,Low
1420,Equipment/Consumables,Small Equipment,320,78,655,15506.99,10,10,V005,PrimeMed Supply Chain,12986.28,32.0,Low
1421,Medicines,Antihistamine,8530,1430,17305,473.1,119,11,V005,PrimeMed Supply Chain,384.51,71.68067226890756,Low
1422,Diagnostic Supplies,X-ray Film,189,63,424,513.66,22,13,V002,EquipMed Co.,555.32,8.590909090909092,High
1423,Surgical Supplies,Syringes,415,72,689,78.78,86,9,V003,HealthTools Ltd.,81.43,4.825581395348837,High
1424,Medicines,Antiviral,1754,378,4169,99.95,73,8,V001,MedSupplies Inc.,88.4,24.027397260273972,Low
1425,Diagnostic Supplies,Test Kit,602,90,943,277.8,18,5,V005,PrimeMed Supply Chain,273.86,33.44444444444444,Low
1426,Equipment/Consumables,Thermometer,1805,462,4189,3241.03,29,9,V001,MedSupplies Inc.,3390.64,62.241379310344826,Low
1427,IV & Emergency Supplies,IV Fluid,374,94,698,501.06,172,3,V002,EquipMed Co.,416.72,2.1744186046511627,High
1428,Medicines,Painkiller,755,219,1841,152.36,121,4,V001,MedSupplies Inc.,159.51,6.239669421487603,Medium
1429,IV & Emergency Supplies,Cannula,442,48,633,551.51,49,5,V005,PrimeMed Supply Chain,515.81,9.020408163265307,Medium
1430,Equipment/Consumables,Small Equipment,79,13,184,6264.41,14,10,V001,MedSupplies Inc.,6323.59,5.642857142857143,High
1431,Surgical Supplies,Gauze,211,56,497,19.56,60,4,V002,EquipMed Co.,18.45,3.5166666666666666,High
1432,Medicines,Painkiller,403,138,948,125.26,45,9,V002,EquipMed Co.,121.33,8.955555555555556,High
1433,Diagnostic Supplies,Reagent,1620,277,3028,211.08,68,14,V003,HealthTools Ltd.,229.11,23.823529411764707,Medium
1434,Diagnostic Supplies,Reagent,123,26,259,60.2,32,6,V003,HealthTools Ltd.,63.01,3.84375,High
1435,Equipment/Consumables,Thermometer,931,203,2022,8129.19,49,9,V004,CarePlus Distributors,7088.19,19.0,Low
1436,Medicines,Antihistamine,57,8,93,37.02,9,4,V004,CarePlus Distributors,39.44,6.333333333333333,Medium
1437,Diagnostic Supplies,Reagent,562,192,1142,26.5,63,11,V005,PrimeMed Supply Chain,27.41,8.920634920634921,High
1438,IV & Emergency Supplies,Oxygen Mask,1168,190,2678,360.72,170,3,V002,EquipMed Co.,314.03,6.870588235294117,Low
1439,Medicines,Insulin,435,45,914,380.34,35,9,V003,HealthTools Ltd.,384.23,12.428571428571429,Medium
1440,Equipment/Consumables,BP Monitor Cuff,127,38,217,13546.24,31,11,V004,CarePlus Distributors,13389.34,4.096774193548387,High
1441,Surgical Supplies,Surgical Gloves,554,164,956,47.69,34,7,V005,PrimeMed Supply Chain,45.51,16.294117647058822,Low
1442,Surgical Supplies,Syringes,14480,4144,21834,74.16,304,8,V004,CarePlus Distributors,61.59,47.63157894736842,Low
1443,Medicines,Antiviral,31,5,43,469.77,11,3,V002,EquipMed Co.,496.66,2.8181818181818183,High
1444,Medicines,Antihistamine,990,254,1260,452.47,94,3,V002,EquipMed Co.,479.25,10.53191489361702,Low
1445,Diagnostic Supplies,Blood Collection Tube,576,91,1053,488.77,24,17,V004,CarePlus Distributors,418.21,24.0,Medium
1446,Medicines,Antibiotic,1095,186,2593,93.19,78,12,V001,MedSupplies Inc.,82.51,14.038461538461538,Medium
1447,Surgical Supplies,Gauze,98,28,226,24.45,81,3,V003,HealthTools Ltd.,20.65,1.2098765432098766,High
1448,Surgical Supplies,Sutures,18293,5821,22572,62.09,334,7,V001,MedSupplies Inc.,50.31,54.76946107784431,Low
1449,Equipment/Consumables,Small Equipment,384,113,549,3484.76,24,9,V002,EquipMed Co.,2871.99,16.0,Medium
1450,Medicines,Painkiller,385,95,698,304.11,117,3,V001,MedSupplies Inc.,289.99,3.2905982905982905,Medium
1451,Equipment/Consumables,Small Equipment,38,6,70,15221.84,9,10,V002,EquipMed Co.,14336.94,4.222222222222222,High
1452,Equipment/Consumables,Ventilator Filter,1458,355,1993,16728.14,28,13,V002,EquipMed Co.,16991.09,52.07142857142857,Low
1453,Diagnostic Supplies,Blood Collection Tube,120,17,258,110.26,56,5,V004,CarePlus Distributors,96.22,2.142857142857143,High
1454,IV & Emergency Supplies,Emergency Kit,624,64,1095,281.71,126,2,V003,HealthTools Ltd.,246.31,4.9523809523809526,Low
1455,Medicines,Insulin,439,137,828,341.67,22,5,V003,HealthTools Ltd.,282.4,19.954545454545453,Low
1456,Surgical Supplies,Sutures,2543,631,3762,97.07,335,8,V004,CarePlus Distributors,98.2,7.591044776119403,High
1457,IV & Emergency Supplies,Oxygen Mask,229,73,363,625.96,103,4,V002,EquipMed Co.,520.63,2.2233009708737863,High
1458,Medicines,Antiviral,6761,2129,11293,42.31,122,9,V001,MedSupplies Inc.,44.61,55.41803278688525,Low
1459,IV & Emergency Supplies,IV Fluid,302,96,617,594.34,116,4,V002,EquipMed Co.,609.23,2.603448275862069,High
1460,Medicines,Insulin,457,120,979,494.44,79,8,V003,HealthTools Ltd.,450.33,5.784810126582278,High
1461,Diagnostic Supplies,X-ray Film,4556,795,7959,432.02,65,12,V005,PrimeMed Supply Chain,467.11,70.0923076923077,Low
1462,Diagnostic Supplies,Reagent,334,107,791,443.49,27,5,V001,MedSupplies Inc.,481.0,12.37037037037037,Low
1463,Surgical Supplies,Sutures,9847,2376,18876,75.93,162,8,V005,PrimeMed Supply Chain,79.74,60.78395061728395,Low
1464,Surgical Supplies,Surgical Gloves,3641,921,8957,33.91,213,7,V002,EquipMed Co.,36.2,17.093896713615024,Low
1465,Surgical Supplies,Surgical Mask,7408,1966,9231,12.7,272,9,V003,HealthTools Ltd.,11.78,27.235294117647058,Low
1466,Equipment/Consumables,Ventilator Filter,228,50,446,18091.77,21,3,V001,MedSupplies Inc.,16401.02,10.857142857142858,Low
1467,IV & Emergency Supplies,Oxygen Mask,898,288,1667,431.22,35,4,V004,CarePlus Distributors,419.3,25.65714285714286,Low
1468,Surgical Supplies,Surgical Gloves,2854,397,6199,53.31,386,8,V004,CarePlus Distributors,53.91,7.393782383419689,High
1469,Surgical Supplies,Syringes,2082,611,3492,42.39,290,4,V002,EquipMed Co.,41.32,7.179310344827586,Medium
1470,Medicines,Painkiller,1606,423,3298,135.34,23,10,V002,EquipMed Co.,130.06,69.82608695652173,Low
1471,IV & Emergency Supplies,Oxygen Mask,381,105,898,327.84,164,5,V001,MedSupplies Inc.,301.27,2.323170731707317,High
1472,Medicines,Insulin,1132,261,2314,184.74,133,13,V005,PrimeMed Supply Chain,157.84,8.511278195488721,High
1473,Diagnostic Supplies,Test Kit,1013,298,2193,480.72,45,11,V001,MedSupplies Inc.,422.18,22.511111111111113,Low
1474,Surgical Supplies,Sutures,1122,343,2423,63.06,131,2,V004,CarePlus Distributors,66.67,8.564885496183207,Low
1475,Medicines,Antihistamine,1521,460,3468,314.35,52,7,V005,PrimeMed Supply Chain,307.55,29.25,Low
1476,IV & Emergency Supplies,Emergency Kit,64,10,115,701.5,16,3,V002,EquipMed Co.,753.44,4.0,Medium
1477,Equipment/Consumables,Thermometer,636,130,764,7417.24,29,9,V005,PrimeMed Supply Chain,7659.19,21.93103448275862,Low
1478,Equipment/Consumables,Thermometer,633,196,869,2146.42,27,6,V001,MedSupplies Inc.,2128.37,23.444444444444443,Low
1479,Equipment/Consumables,Thermometer,185,41,307,1600.04,19,6,V003,HealthTools Ltd.,1579.78,9.736842105263158,Medium
1480,Medicines,Insulin,5812,677,7415,490.3,111,11,V001,MedSupplies Inc.,473.5,52.36036036036036,Low
1481,IV & Emergency Supplies,Defibrillator Pads,242,32,377,156.26,97,6,V002,EquipMed Co.,135.79,2.4948453608247423,High
1482,IV & Emergency Supplies,IV Fluid,106,34,141,419.47,32,4,V002,EquipMed Co.,357.19,3.3125,High
1483,Medicines,Antibiotic,869,245,1226,493.1,140,5,V005,PrimeMed Supply Chain,437.25,6.207142857142857,Medium
1484,Equipment/Consumables,BP Monitor Cuff,342,98,510,8329.36,29,12,V005,PrimeMed Supply Chain,6691.25,11.793103448275861,High
1485,Diagnostic Supplies,Blood Collection Tube,3686,1019,5764,369.17,71,18,V003,HealthTools Ltd.,307.08,51.91549295774648,Low
1486,IV & Emergency Supplies,IV Fluid,375,55,459,263.93,48,5,V005,PrimeMed Supply Chain,273.11,7.8125,Medium
1487,Equipment/Consumables,Thermometer,188,19,319,479.37,22,4,V004,CarePlus Distributors,405.83,8.545454545454545,Low
1488,Equipment/Consumables,Ventilator Filter,1028,307,1771,13555.42,35,4,V002,EquipMed Co.,14269.39,29.37142857142857,Low
1489,Medicines,Insulin,562,117,871,35.08,78,9,V002,EquipMed Co.,30.6,7.205128205128205,High
1490,Medicines,Antihistamine,757,203,1539,46.14,93,12,V003,HealthTools Ltd.,45.14,8.13978494623656,High
1491,Equipment/Consumables,Small Equipment,259,57,594,11107.38,8,14,V003,HealthTools Ltd.,9663.48,32.375,Low
1492,Equipment/Consumables,Small Equipment,212,23,262,14731.91,38,10,V003,HealthTools Ltd.,15376.98,5.578947368421052,High
1493,IV & Emergency Supplies,Emergency Kit,1102,144,2255,542.17,57,3,V004,CarePlus Distributors,561.22,19.333333333333332,Low
1494,Medicines,Painkiller,5477,981,11055,147.54,104,11,V003,HealthTools Ltd.,124.92,52.66346153846154,Low
1495,Equipment/Consumables,Ventilator Filter,215,24,307,3428.9,13,9,V005,PrimeMed Supply Chain,3128.31,16.53846153846154,Medium
1496,Equipment/Consumables,Ventilator Filter,121,12,279,5332.13,27,9,V002,EquipMed Co.,5021.27,4.481481481481482,High
1497,Medicines,Antiviral,1232,298,1612,405.29,28,7,V004,CarePlus Distributors,334.0,44.0,Low
1498,Equipment/Consumables,Small Equipment,10,3,15,18397.78,3,4,V005,PrimeMed Supply Chain,20097.63,3.3333333333333335,High
1499,Medicines,Antiviral,562,128,1064,427.56,46,13,V002,EquipMed Co.,393.92,12.217391304347826,High
1500,IV & Emergency Supplies,Oxygen Mask,817,152,1813,252.93,58,3,V002,EquipMed Co.,260.93,14.086206896551724,Low
1501,IV & Emergency Supplies,Emergency Kit,458,127,801,155.21,68,3,V003,HealthTools Ltd.,161.02,6.735294117647059,Low
1502,Equipment/Consumables,Ventilator Filter,103,22,195,5444.95,13,9,V002,EquipMed Co.,5465.1,7.923076923076923,High
1503,Medicines,Painkiller,1963,372,3568,83.36,87,8,V002,EquipMed Co.,68.4,22.563218390804597,Low
1504,Diagnostic Supplies,Test Kit,1473,458,2784,120.31,37,11,V005,PrimeMed Supply Chain,113.05,39.810810810810814,Low
1505,Medicines,Antibiotic,819,173,1507,110.26,122,11,V002,EquipMed Co.,105.96,6.713114754098361,High
1506,Surgical Supplies,Syringes,171,44,209,21.99,90,2,V005,PrimeMed Supply Chain,18.64,1.9,High
1507,Diagnostic Supplies,Blood Collection Tube,323,97,761,378.59,27,5,V004,CarePlus Distributors,379.18,11.962962962962964,Low
1508,Equipment/Consumables,Thermometer,1691,266,3169,14256.04,45,7,V003,HealthTools Ltd.,12159.84,37.577777777777776,Low
1509,Equipment/Consumables,BP Monitor Cuff,257,86,502,4013.01,44,12,V004,CarePlus Distributors,4034.27,5.840909090909091,High
1510,IV & Emergency Supplies,Emergency Kit,81,18,102,672.8,22,3,V004,CarePlus Distributors,694.6,3.6818181818181817,Medium
1511,Equipment/Consumables,Ventilator Filter,1077,192,1334,1520.86,33,5,V001,MedSupplies Inc.,1526.54,32.63636363636363,Low
1512,Surgical Supplies,Syringes,1088,297,1888,62.59,41,9,V002,EquipMed Co.,51.89,26.536585365853657,Low
1513,Medicines,Antiviral,461,62,930,376.97,98,4,V003,HealthTools Ltd.,391.38,4.704081632653061,Medium
1514,IV & Emergency Supplies,Oxygen Mask,40,9,68,523.36,17,6,V003,HealthTools Ltd.,566.4,2.3529411764705883,High
1515,IV & Emergency Supplies,IV Fluid,267,42,529,295.85,92,4,V005,PrimeMed Supply Chain,239.94,2.902173913043478,High
1516,Surgical Supplies,Surgical Mask,476,112,959,69.49,47,5,V004,CarePlus Distributors,66.5,10.127659574468085,Low
1517,Medicines,Antihistamine,136,18,191,491.96,77,3,V005,PrimeMed Supply Chain,426.94,1.7662337662337662,High
1518,Surgical Supplies,Syringes,974,98,1788,81.04,188,5,V005,PrimeMed Supply Chain,73.11,5.180851063829787,Medium
1519,Medicines,Insulin,514,123,1160,388.52,12,11,V001,MedSupplies Inc.,353.02,42.833333333333336,Low
1520,Equipment/Consumables,Thermometer,879,289,1426,1024.16,55,12,V005,PrimeMed Supply Chain,820.09,15.981818181818182,Medium
1521,IV & Emergency Supplies,Oxygen Mask,455,105,569,629.17,40,5,V003,HealthTools Ltd.,598.14,11.375,Low
1522,IV & Emergency Supplies,Oxygen Mask,125,14,232,540.34,184,2,V002,EquipMed Co.,480.04,0.6793478260869565,High
1523,Medicines,Antiviral,939,240,2112,333.52,42,12,V003,HealthTools Ltd.,366.55,22.357142857142858,Medium
1524,IV & Emergency Supplies,Cannula,599,179,1492,651.19,106,5,V003,HealthTools Ltd.,594.45,5.650943396226415,Medium
1525,Surgical Supplies,Sutures,620,181,922,54.47,199,2,V004,CarePlus Distributors,53.74,3.1155778894472363,Medium
1526,Equipment/Consumables,Thermometer,86,20,174,5201.08,16,10,V003,HealthTools Ltd.,4279.14,5.375,High
1527,Equipment/Consumables,Small Equipment,197,40,379,6272.78,11,13,V002,EquipMed Co.,6331.87,17.90909090909091,Medium
1528,Equipment/Consumables,Small Equipment,213,48,400,1431.67,52,7,V002,EquipMed Co.,1291.21,4.096153846153846,High
1529,IV & Emergency Supplies,Cannula,422,49,696,149.58,167,4,V003,HealthTools Ltd.,157.26,2.5269461077844313,High
1530,Equipment/Consumables,Ventilator Filter,127,36,210,4996.89,56,4,V005,PrimeMed Supply Chain,5435.31,2.267857142857143,High
1531,Equipment/Consumables,BP Monitor Cuff,48,7,75,11218.5,4,7,V001,MedSupplies Inc.,10539.92,12.0,Medium
1532,Medicines,Insulin,429,139,627,158.29,33,7,V001,MedSupplies Inc.,137.48,13.0,Medium
1533,Equipment/Consumables,Thermometer,9,1,12,10256.23,6,4,V004,CarePlus Distributors,9294.05,1.5,High
1534,Surgical Supplies,Gauze,5028,710,9959,41.0,317,7,V004,CarePlus Distributors,35.88,15.861198738170348,Low
1535,Equipment/Consumables,Thermometer,67,14,154,7368.76,8,13,V002,EquipMed Co.,6845.71,8.375,High
1536,IV & Emergency Supplies,IV Fluid,822,257,1771,283.35,162,2,V002,EquipMed Co.,283.22,5.074074074074074,Low
1537,Diagnostic Supplies,X-ray Film,5263,1082,12435,501.09,65,15,V003,HealthTools Ltd.,441.68,80.96923076923076,Low
1538,Equipment/Consumables,Small Equipment,372,108,815,10578.68,39,9,V005,PrimeMed Supply Chain,8936.3,9.538461538461538,Medium
1539,IV & Emergency Supplies,IV Fluid,514,94,1160,185.27,47,2,V003,HealthTools Ltd.,153.92,10.936170212765957,Low
1540,IV & Emergency Supplies,Defibrillator Pads,5334,1091,12696,86.34,132,6,V002,EquipMed Co.,81.17,40.40909090909091,Low
1541,Equipment/Consumables,Thermometer,108,23,247,19673.98,5,12,V005,PrimeMed Supply Chain,16554.33,21.6,Medium
1542,Equipment/Consumables,BP Monitor Cuff,111,33,182,6555.04,13,5,V003,HealthTools Ltd.,5407.04,8.538461538461538,Medium
1543,IV & Emergency Supplies,IV Fluid,1963,632,2590,57.96,138,5,V001,MedSupplies Inc.,55.49,14.22463768115942,Low
1544,Medicines,Insulin,3174,486,6713,295.7,141,11,V004,CarePlus Distributors,320.27,22.51063829787234,Low
1545,Surgical Supplies,Gauze,5737,1905,7341,30.22,303,7,V005,PrimeMed Supply Chain,30.39,18.933993399339933,Low
1546,Diagnostic Supplies,Blood Collection Tube,659,209,851,335.57,22,15,V005,PrimeMed Supply Chain,362.51,29.954545454545453,Medium
1547,IV & Emergency Supplies,Defibrillator Pads,773,251,952,505.3,133,2,V001,MedSupplies Inc.,509.85,5.81203007518797,Low
1548,IV & Emergency Supplies,Oxygen Mask,3460,372,5226,68.87,118,5,V001,MedSupplies Inc.,69.98,29.322033898305083,Low
1549,Surgical Supplies,Gauze,3333,435,4949,44.13,167,9,V001,MedSupplies Inc.,48.42,19.95808383233533,Low
1550,Diagnostic Supplies,Reagent,36,5,55,503.8,23,5,V003,HealthTools Ltd.,548.09,1.565217391304348,High
1551,Medicines,Antibiotic,4158,937,9824,325.63,88,6,V005,PrimeMed Supply Chain,297.51,47.25,Low
1552,Medicines,Insulin,390,80,868,322.21,95,7,V004,CarePlus Distributors,269.73,4.105263157894737,High
1553,Medicines,Antiviral,1773,254,3393,407.86,43,10,V003,HealthTools Ltd.,369.25,41.23255813953488,Low
1554,Surgical Supplies,Surgical Gloves,8984,2584,20090,87.05,227,7,V003,HealthTools Ltd.,77.88,39.57709251101321,Low
1555,IV & Emergency Supplies,IV Fluid,5457,891,8388,577.04,127,6,V005,PrimeMed Supply Chain,502.97,42.968503937007874,Low
1556,Diagnostic Supplies,X-ray Film,833,169,1481,523.55,73,17,V005,PrimeMed Supply Chain,543.53,11.41095890410959,High
1557,IV & Emergency Supplies,IV Fluid,405,83,765,138.64,191,5,V005,PrimeMed Supply Chain,112.41,2.1204188481675392,High
1558,IV & Emergency Supplies,Defibrillator Pads,1615,174,2217,346.63,153,2,V004,CarePlus Distributors,368.26,10.555555555555555,Low
1559,Medicines,Antihistamine,1702,415,2728,96.81,78,9,V003,HealthTools Ltd.,94.29,21.82051282051282,Low
1560,Equipment/Consumables,Small Equipment,102,13,225,17970.11,3,14,V005,PrimeMed Supply Chain,18747.61,34.0,Low
1561,Surgical Supplies,Syringes,94,18,135,19.35,26,9,V005,PrimeMed Supply Chain,18.19,3.6153846153846154,High
1562,IV & Emergency Supplies,Oxygen Mask,1020,278,1883,710.41,47,3,V002,EquipMed Co.,629.84,21.70212765957447,Low
1563,Diagnostic Supplies,Reagent,1422,463,2788,574.68,35,6,V004,CarePlus Distributors,593.96,40.628571428571426,Low
1564,IV & Emergency Supplies,Cannula,872,266,1219,443.8,145,3,V002,EquipMed Co.,448.7,6.0137931034482754,Low
1565,Diagnostic Supplies,Reagent,731,82,979,417.65,31,12,V005,PrimeMed Supply Chain,393.41,23.580645161290324,Medium
1566,Medicines,Painkiller,33,8,64,470.35,7,10,V001,MedSupplies Inc.,421.39,4.714285714285714,High
1567,Surgical Supplies,Sutures,2277,439,5535,91.33,172,9,V003,HealthTools Ltd.,81.71,13.238372093023257,Medium
1568,Equipment/Consumables,BP Monitor Cuff,91,26,138,5284.79,43,5,V001,MedSupplies Inc.,5755.37,2.116279069767442,High
1569,Medicines,Antibiotic,785,196,1122,378.77,107,4,V002,EquipMed Co.,344.92,7.336448598130841,Medium
1570,Diagnostic Supplies,X-ray Film,6371,1323,13171,127.96,60,18,V003,HealthTools Ltd.,114.96,106.18333333333334,Low
1571,IV & Emergency Supplies,Cannula,1529,493,2363,361.75,70,3,V004,CarePlus Distributors,352.95,21.84285714285714,Low
1572,Equipment/Consumables,BP Monitor Cuff,44,8,54,8980.74,24,5,V005,PrimeMed Supply Chain,7993.63,1.8333333333333333,High
1573,Equipment/Consumables,BP Monitor Cuff,396,70,618,7319.72,33,3,V001,MedSupplies Inc.,6904.36,12.0,Low
1574,Medicines,Insulin,705,160,1297,124.44,70,4,V002,EquipMed Co.,136.59,10.071428571428571,Low
1575,Surgical Supplies,Gauze,1754,194,3429,33.66,198,8,V001,MedSupplies Inc.,35.0,8.858585858585858,Medium
1576,Diagnostic Supplies,Blood Collection Tube,8317,1730,20460,172.47,78,16,V002,EquipMed Co.,181.34,106.62820512820512,Low
1577,Surgical Supplies,Gauze,841,130,1518,85.89,251,4,V003,HealthTools Ltd.,84.83,3.350597609561753,High
1578,Diagnostic Supplies,Blood Collection Tube,1959,363,2696,132.99,75,13,V001,MedSupplies Inc.,133.12,26.12,Low
1579,Surgical Supplies,Syringes,5566,1763,13639,65.73,347,7,V003,HealthTools Ltd.,65.87,16.040345821325648,Low
1580,Medicines,Antihistamine,754,210,1047,364.59,73,8,V004,CarePlus Distributors,321.83,10.32876712328767,Medium
1581,Surgical Supplies,Sutures,5904,1331,9656,19.89,123,7,V001,MedSupplies Inc.,20.6,48.0,Low
1582,Diagnostic Supplies,X-ray Film,179,62,331,172.75,32,16,V005,PrimeMed Supply Chain,160.42,5.59375,High
1583,Equipment/Consumables,Ventilator Filter,16,3,26,16086.89,3,5,V004,CarePlus Distributors,13434.27,5.333333333333333,Medium
1584,Surgical Supplies,Surgical Mask,595,150,991,82.54,194,9,V003,HealthTools Ltd.,84.02,3.0670103092783507,High
1585,Medicines,Antibiotic,782,129,1296,385.89,77,10,V001,MedSupplies Inc.,412.36,10.155844155844155,Medium
1586,Equipment/Consumables,Ventilator Filter,131,44,166,2512.28,14,10,V005,PrimeMed Supply Chain,2495.96,9.357142857142858,High
1587,Surgical Supplies,Gauze,1169,259,2335,47.84,109,2,V001,MedSupplies Inc.,49.3,10.724770642201834,Low
1588,IV & Emergency Supplies,Cannula,504,68,787,343.49,68,5,V001,MedSupplies Inc.,279.81,7.411764705882353,Medium
1589,IV & Emergency Supplies,IV Fluid,201,31,467,467.81,11,5,V001,MedSupplies Inc.,424.34,18.272727272727273,Low
1590,Medicines,Painkiller,65,19,78,379.37,6,12,V001,MedSupplies Inc.,328.31,10.833333333333334,High
1591,Surgical Supplies,Syringes,15435,4384,21192,30.13,335,6,V002,EquipMed Co.,31.44,46.07462686567164,Low
1592,Diagnostic Supplies,X-ray Film,4261,470,6105,517.05,65,19,V003,HealthTools Ltd.,428.48,65.55384615384615,Low
1593,Diagnostic Supplies,X-ray Film,477,51,734,504.51,34,9,V002,EquipMed Co.,535.94,14.029411764705882,Medium
1594,Medicines,Insulin,159,22,351,455.67,9,10,V005,PrimeMed Supply Chain,472.99,17.666666666666668,Medium
1595,Diagnostic Supplies,Reagent,536,164,1213,526.17,32,7,V003,HealthTools Ltd.,423.29,16.75,Low
1596,Surgical Supplies,Sutures,768,114,1057,5.98,167,8,V003,HealthTools Ltd.,5.49,4.598802395209581,High
1597,Diagnostic Supplies,Blood Collection Tube,541,71,690,375.2,13,14,V003,HealthTools Ltd.,342.13,41.61538461538461,Low
1598,Equipment/Consumables,Thermometer,273,84,389,14516.5,8,14,V005,PrimeMed Supply Chain,12993.08,34.125,Low
1599,Medicines,Painkiller,296,97,564,429.34,54,8,V001,MedSupplies Inc.,393.52,5.481481481481482,High
1600,Diagnostic Supplies,Test Kit,1357,136,1711,115.78,28,14,V002,EquipMed Co.,121.68,48.464285714285715,Low
1601,Medicines,Antibiotic,162,28,399,328.37,85,6,V004,CarePlus Distributors,312.36,1.9058823529411764,High
1602,Equipment/Consumables,BP Monitor Cuff,105,29,189,7631.55,41,4,V003,HealthTools Ltd.,8350.56,2.5609756097560976,High
1603,Diagnostic Supplies,X-ray Film,380,107,549,42.04,9,8,V001,MedSupplies Inc.,36.44,42.22222222222222,Low
1604,Diagnostic Supplies,Reagent,2416,502,5658,285.67,57,14,V004,CarePlus Distributors,244.88,42.3859649122807,Low
1605,IV & Emergency Supplies,IV Fluid,1018,257,1859,690.87,159,6,V002,EquipMed Co.,726.64,6.40251572327044,Medium
1606,Surgical Supplies,Surgical Gloves,1101,191,1821,34.91,175,6,V003,HealthTools Ltd.,28.42,6.291428571428572,Medium
1607,IV & Emergency Supplies,Defibrillator Pads,1673,338,2049,596.58,187,4,V002,EquipMed Co.,488.22,8.946524064171124,Low
1608,Medicines,Antiviral,220,69,404,407.26,94,4,V002,EquipMed Co.,383.3,2.3404255319148937,High
1609,IV & Emergency Supplies,IV Fluid,3920,761,9571,145.37,106,6,V003,HealthTools Ltd.,119.96,36.9811320754717,Low
1610,Equipment/Consumables,Ventilator Filter,16,4,25,17074.55,2,6,V002,EquipMed Co.,16136.5,8.0,Medium
1611,Medicines,Antihistamine,1276,438,2439,284.71,123,8,V001,MedSupplies Inc.,277.11,10.373983739837398,Medium
1612,Medicines,Painkiller,348,45,536,419.96,9,7,V004,CarePlus Distributors,361.85,38.666666666666664,Low
1613,Medicines,Antibiotic,369,101,481,304.43,35,9,V005,PrimeMed Supply Chain,244.64,10.542857142857143,Medium
1614,Diagnostic Supplies,Test Kit,917,215,2281,538.64,10,15,V003,HealthTools Ltd.,541.57,91.7,Low
1615,Equipment/Consumables,Ventilator Filter,1211,331,2810,15313.79,17,11,V001,MedSupplies Inc.,15578.5,71.23529411764706,Low
1616,Diagnostic Supplies,Reagent,1885,631,3374,467.97,45,19,V005,PrimeMed Supply Chain,426.73,41.888888888888886,Low
1617,IV & Emergency Supplies,Defibrillator Pads,81,17,151,586.7,48,3,V005,PrimeMed Supply Chain,503.4,1.6875,High
1618,Surgical Supplies,Sutures,1543,314,1995,42.98,109,6,V001,MedSupplies Inc.,38.56,14.155963302752294,Low
1619,Surgical Supplies,Syringes,2392,318,5585,81.83,132,9,V003,HealthTools Ltd.,79.63,18.12121212121212,Low
1620,Medicines,Insulin,2690,367,4340,450.28,34,12,V005,PrimeMed Supply Chain,376.52,79.11764705882354,Low
1621,Medicines,Antiviral,659,133,1635,53.22,30,4,V002,EquipMed Co.,56.74,21.966666666666665,Low
1622,Diagnostic Supplies,Test Kit,991,110,1982,385.53,31,13,V004,CarePlus Distributors,399.46,31.967741935483872,Low
1623,Diagnostic Supplies,X-ray Film,1391,455,1771,161.65,32,16,V004,CarePlus Distributors,162.36,43.46875,Low
1624,Diagnostic Supplies,Test Kit,807,80,1877,444.9,66,16,V004,CarePlus Distributors,404.58,12.227272727272727,High
1625,Equipment/Consumables,BP Monitor Cuff,1606,335,3397,18079.57,54,14,V001,MedSupplies Inc.,15105.62,29.74074074074074,Low
1626,Surgical Supplies,Surgical Mask,2094,453,3509,41.4,154,8,V002,EquipMed Co.,33.99,13.597402597402597,Medium
1627,IV & Emergency Supplies,IV Fluid,1269,310,2083,530.94,62,6,V003,HealthTools Ltd.,514.4,20.467741935483872,Low
1628,Surgical Supplies,Surgical Gloves,9234,2155,13801,18.93,320,7,V001,MedSupplies Inc.,19.36,28.85625,Low
1629,Surgical Supplies,Gauze,294,50,547,35.16,120,3,V001,MedSupplies Inc.,32.89,2.45,High
1630,Equipment/Consumables,BP Monitor Cuff,88,13,122,6115.37,8,7,V002,EquipMed Co.,5697.9,11.0,Medium
1631,Surgical Supplies,Surgical Mask,796,88,1128,11.99,283,5,V005,PrimeMed Supply Chain,12.96,2.812720848056537,High
1632,Equipment/Consumables,BP Monitor Cuff,72,16,169,3401.63,14,3,V005,PrimeMed Supply Chain,3000.58,5.142857142857143,Medium
1633,Medicines,Insulin,1165,122,2391,315.02,90,9,V003,HealthTools Ltd.,337.17,12.944444444444445,Medium
1634,IV & Emergency Supplies,Emergency Kit,253,74,315,494.44,170,4,V003,HealthTools Ltd.,513.49,1.488235294117647,High
1635,IV & Emergency Supplies,Oxygen Mask,1144,155,2314,64.61,101,2,V005,PrimeMed Supply Chain,56.56,11.326732673267326,Low
1636,Diagnostic Supplies,Test Kit,4881,1162,7736,452.53,63,10,V002,EquipMed Co.,373.19,77.47619047619048,Low
1637,IV & Emergency Supplies,Defibrillator Pads,178,38,381,71.62,59,5,V002,EquipMed Co.,57.47,3.016949152542373,High
1638,Surgical Supplies,Sutures,7889,1414,12405,84.91,312,8,V004,CarePlus Distributors,81.42,25.28525641025641,Low
1639,Equipment/Consumables,BP Monitor Cuff,622,144,1162,6333.61,23,4,V003,HealthTools Ltd.,6865.87,27.043478260869566,Low
1640,Surgical Supplies,Surgical Gloves,5810,1264,10107,54.59,166,5,V005,PrimeMed Supply Chain,49.26,35.0,Low
1641,Surgical Supplies,Gauze,6706,770,8824,83.29,263,8,V004,CarePlus Distributors,87.49,25.49809885931559,Low
1642,Diagnostic Supplies,Blood Collection Tube,631,209,790,53.24,34,10,V004,CarePlus Distributors,48.12,18.558823529411764,Medium
1643,Diagnostic Supplies,Blood Collection Tube,1231,243,2596,241.19,41,7,V004,CarePlus Distributors,246.48,30.024390243902438,Low
1644,Surgical Supplies,Sutures,1502,331,3232,68.79,391,4,V003,HealthTools Ltd.,68.63,3.8414322250639388,High
1645,IV & Emergency Supplies,Cannula,2294,758,3416,596.68,114,3,V004,CarePlus Distributors,627.91,20.12280701754386,Low
1646,Surgical Supplies,Surgical Gloves,4583,1555,6302,77.16,286,7,V002,EquipMed Co.,63.74,16.024475524475523,Low
1647,IV & Emergency Supplies,Oxygen Mask,46,4,96,525.62,25,3,V005,PrimeMed Supply Chain,502.53,1.84,High
1648,Surgical Supplies,Surgical Mask,591,142,1205,65.18,121,2,V004,CarePlus Distributors,71.0,4.884297520661157,Low
1649,Equipment/Consumables,Small Equipment,130,36,251,16183.17,17,5,V004,CarePlus Distributors,17739.9,7.647058823529412,Medium
1650,Medicines,Antiviral,211,56,330,311.61,147,4,V004,CarePlus Distributors,291.27,1.435374149659864,High
1651,Medicines,Antibiotic,8118,2840,18858,113.43,124,13,V005,PrimeMed Supply Chain,106.12,65.46774193548387,Low
1652,IV & Emergency Supplies,Oxygen Mask,664,99,1532,615.87,90,3,V003,HealthTools Ltd.,658.03,7.377777777777778,Low
1653,Equipment/Consumables,Thermometer,235,66,438,1729.99,58,7,V002,EquipMed Co.,1435.1,4.051724137931035,High
1654,Medicines,Antihistamine,258,49,506,377.5,45,6,V005,PrimeMed Supply Chain,330.82,5.733333333333333,High
1655,Surgical Supplies,Surgical Mask,4772,1015,11571,32.13,333,5,V003,HealthTools Ltd.,30.51,14.33033033033033,Low
1656,IV & Emergency Supplies,Emergency Kit,4089,1189,9692,362.59,149,5,V002,EquipMed Co.,340.16,27.44295302013423,Low
1657,Equipment/Consumables,Small Equipment,569,197,1098,19611.19,23,4,V001,MedSupplies Inc.,17936.64,24.73913043478261,Low
1658,Medicines,Antihistamine,706,134,1443,339.21,37,9,V002,EquipMed Co.,284.72,19.08108108108108,Low
1659,IV & Emergency Supplies,Emergency Kit,219,62,483,605.56,38,6,V004,CarePlus Distributors,620.08,5.7631578947368425,High
1660,Equipment/Consumables,Small Equipment,526,147,1209,5098.08,23,13,V001,MedSupplies Inc.,4177.73,22.869565217391305,Medium
1661,Diagnostic Supplies,Blood Collection Tube,976,199,2014,450.95,26,19,V002,EquipMed Co.,467.28,37.53846153846154,Medium
1662,Diagnostic Supplies,Reagent,4173,811,6127,157.96,61,16,V003,HealthTools Ltd.,138.8,68.40983606557377,Low
1663,Medicines,Insulin,3939,689,8122,212.26,62,10,V003,HealthTools Ltd.,213.38,63.53225806451613,Low
1664,Diagnostic Supplies,Reagent,498,122,998,177.0,14,16,V005,PrimeMed Supply Chain,178.26,35.57142857142857,Low
1665,Medicines,Painkiller,3006,808,6942,496.84,129,3,V002,EquipMed Co.,403.71,23.302325581395348,Low
1666,IV & Emergency Supplies,Defibrillator Pads,486,137,956,443.32,174,2,V005,PrimeMed Supply Chain,412.41,2.793103448275862,Medium
1667,Equipment/Consumables,Small Equipment,60,6,137,3885.74,22,6,V002,EquipMed Co.,3246.6,2.727272727272727,High
1668,Medicines,Antiviral,1662,514,3786,422.24,42,6,V004,CarePlus Distributors,437.02,39.57142857142857,Low
1669,Diagnostic Supplies,X-ray Film,397,54,926,259.3,25,12,V001,MedSupplies Inc.,250.5,15.88,Medium
1670,Medicines,Painkiller,607,130,1159,312.32,66,3,V005,PrimeMed Supply Chain,331.28,9.196969696969697,Low
1671,IV & Emergency Supplies,Emergency Kit,214,62,269,266.35,149,3,V005,PrimeMed Supply Chain,292.31,1.436241610738255,High
1672,Surgical Supplies,Gauze,1699,415,2291,15.82,163,3,V001,MedSupplies Inc.,14.68,10.423312883435583,Low
1673,Equipment/Consumables,Ventilator Filter,9,1,21,10973.71,2,6,V004,CarePlus Distributors,11750.52,4.5,High
1674,Diagnostic Supplies,Blood Collection Tube,1913,662,4522,559.91,65,14,V003,HealthTools Ltd.,477.08,29.43076923076923,Low
1675,IV & Emergency Supplies,Defibrillator Pads,333,70,820,198.53,82,2,V002,EquipMed Co.,217.73,4.060975609756097,Low
1676,Equipment/Consumables,Thermometer,1395,389,3101,5365.27,19,11,V003,HealthTools Ltd.,4564.64,73.42105263157895,Low
1677,Diagnostic Supplies,Test Kit,235,36,528,536.11,19,7,V002,EquipMed Co.,512.0,12.368421052631579,Medium
1678,IV & Emergency Supplies,Emergency Kit,2818,334,3394,43.19,86,5,V004,CarePlus Distributors,44.65,32.76744186046512,Low
1679,Medicines,Antibiotic,1045,239,1318,282.33,29,7,V005,PrimeMed Supply Chain,267.68,36.03448275862069,Low
1680,Medicines,Antibiotic,788,225,1576,197.66,124,4,V002,EquipMed Co.,163.66,6.354838709677419,Medium
1681,Surgical Supplies,Gauze,2968,311,6431,7.98,164,4,V002,EquipMed Co.,7.85,18.097560975609756,Low
1682,Equipment/Consumables,Small Equipment,833,280,1400,16715.22,51,13,V001,MedSupplies Inc.,18068.6,16.333333333333332,Medium
1683,IV & Emergency Supplies,IV Fluid,1485,431,2357,480.11,105,6,V004,CarePlus Distributors,501.2,14.142857142857142,Low
1684,Equipment/Consumables,Small Equipment,514,101,621,2882.06,56,14,V002,EquipMed Co.,2909.61,9.178571428571429,High
1685,Medicines,Antibiotic,749,225,1120,453.77,92,4,V001,MedSupplies Inc.,404.14,8.141304347826088,Low
1686,Medicines,Antibiotic,147,27,280,28.44,51,7,V003,HealthTools Ltd.,24.94,2.8823529411764706,High
1687,Medicines,Antiviral,1522,270,2798,163.66,83,11,V004,CarePlus Distributors,161.74,18.337349397590362,Medium
1688,Medicines,Antihistamine,840,150,1534,413.56,86,12,V004,CarePlus Distributors,388.8,9.767441860465116,High
1689,IV & Emergency Supplies,Emergency Kit,583,176,1069,290.69,52,4,V005,PrimeMed Supply Chain,258.5,11.211538461538462,Low
1690,Diagnostic Supplies,X-ray Film,297,67,574,229.63,79,12,V002,EquipMed Co.,216.97,3.759493670886076,High
1691,IV & Emergency Supplies,Emergency Kit,1285,188,1673,177.49,91,6,V002,EquipMed Co.,174.63,14.12087912087912,Low
1692,Surgical Supplies,Surgical Mask,15186,5312,32398,48.19,327,9,V003,HealthTools Ltd.,39.26,46.440366972477065,Low
1693,IV & Emergency Supplies,Cannula,3486,1190,5232,400.31,187,4,V005,PrimeMed Supply Chain,376.93,18.641711229946523,Low
1694,Surgical Supplies,Syringes,97,31,142,29.36,21,4,V003,HealthTools Ltd.,26.28,4.619047619047619,Medium
1695,Diagnostic Supplies,Blood Collection Tube,359,68,801,159.94,66,17,V003,HealthTools Ltd.,136.06,5.4393939393939394,High
1696,Diagnostic Supplies,Test Kit,2012,269,2599,406.7,45,8,V001,MedSupplies Inc.,374.23,44.71111111111111,Low
1697,Equipment/Consumables,Small Equipment,361,36,760,16699.24,56,10,V004,CarePlus Distributors,18086.44,6.446428571428571,High
1698,Medicines,Insulin,1707,508,2428,188.45,34,7,V004,CarePlus Distributors,191.19,50.205882352941174,Low
1699,Medicines,Antibiotic,833,173,2054,408.04,103,7,V005,PrimeMed Supply Chain,385.26,8.087378640776699,Medium
1700,Surgical Supplies,Syringes,4437,903,9603,41.88,308,9,V002,EquipMed Co.,34.48,14.405844155844155,Medium
1701,Medicines,Insulin,1117,315,2277,465.64,141,11,V005,PrimeMed Supply Chain,387.88,7.921985815602837,High
1702,Surgical Supplies,Gauze,5698,1637,12640,6.55,161,6,V003,HealthTools Ltd.,5.69,35.391304347826086,Low
1703,Surgical Supplies,Gauze,10062,1547,21034,86.36,355,5,V004,CarePlus Distributors,79.15,28.343661971830986,Low
1704,Equipment/Consumables,Thermometer,219,66,408,324.14,52,6,V003,HealthTools Ltd.,315.84,4.211538461538462,High
1705,Equipment/Consumables,Ventilator Filter,550,56,1192,850.9,57,10,V003,HealthTools Ltd.,804.09,9.649122807017545,High
1706,Equipment/Consumables,Ventilator Filter,199,20,452,12408.27,42,4,V004,CarePlus Distributors,11931.63,4.738095238095238,Medium
1707,IV & Emergency Supplies,Oxygen Mask,2565,434,4281,220.97,184,2,V003,HealthTools Ltd.,189.42,13.940217391304348,Low
1708,Medicines,Antiviral,2391,455,5573,256.32,148,4,V001,MedSupplies Inc.,248.33,16.155405405405407,Low
1709,Equipment/Consumables,Small Equipment,898,145,1126,6180.17,41,10,V001,MedSupplies Inc.,5032.13,21.902439024390244,Low
1710,Medicines,Insulin,220,70,360,94.55,77,9,V002,EquipMed Co.,94.55,2.857142857142857,High
1711,Surgical Supplies,Syringes,825,222,1281,90.92,282,3,V004,CarePlus Distributors,79.74,2.925531914893617,High
1712,Medicines,Antihistamine,203,40,366,384.02,21,4,V002,EquipMed Co.,397.54,9.666666666666666,Low
1713,Surgical Supplies,Surgical Mask,2387,621,5249,22.28,224,7,V004,CarePlus Distributors,22.51,10.65625,Medium
1714,Surgical Supplies,Surgical Gloves,2189,346,5078,84.06,344,7,V005,PrimeMed Supply Chain,84.8,6.363372093023256,High
1715,Equipment/Consumables,Small Equipment,152,43,373,16456.4,10,9,V004,CarePlus Distributors,14541.69,15.2,Medium
1716,Equipment/Consumables,Thermometer,404,94,943,14518.42,18,3,V005,PrimeMed Supply Chain,12760.58,22.444444444444443,Low
1717,IV & Emergency Supplies,Oxygen Mask,179,54,439,499.93,102,3,V003,HealthTools Ltd.,506.52,1.7549019607843137,High
1718,Diagnostic Supplies,Test Kit,7531,1588,13655,336.67,64,17,V004,CarePlus Distributors,348.81,117.671875,Low
1719,IV & Emergency Supplies,IV Fluid,410,98,832,457.5,76,4,V005,PrimeMed Supply Chain,396.12,5.394736842105263,Medium
1720,Surgical Supplies,Gauze,851,182,1447,69.4,57,9,V002,EquipMed Co.,72.0,14.929824561403509,Medium
1721,Diagnostic Supplies,Blood Collection Tube,253,77,551,87.1,30,6,V003,HealthTools Ltd.,88.19,8.433333333333334,Medium
1722,Medicines,Insulin,230,33,294,106.5,79,3,V001,MedSupplies Inc.,113.3,2.911392405063291,High
1723,Medicines,Antiviral,288,58,372,18.61,59,5,V003,HealthTools Ltd.,19.38,4.88135593220339,High
1724,IV & Emergency Supplies,Emergency Kit,289,48,636,416.58,68,5,V005,PrimeMed Supply Chain,333.87,4.25,High
1725,IV & Emergency Supplies,Defibrillator Pads,332,71,516,59.35,14,4,V003,HealthTools Ltd.,65.21,23.714285714285715,Low
1726,Diagnostic Supplies,X-ray Film,2219,236,5393,523.84,44,18,V004,CarePlus Distributors,499.99,50.43181818181818,Low
1727,Surgical Supplies,Gauze,5348,1641,10938,42.68,209,4,V002,EquipMed Co.,38.83,25.588516746411482,Low
1728,IV & Emergency Supplies,Defibrillator Pads,1039,190,1355,356.22,151,5,V001,MedSupplies Inc.,311.74,6.880794701986755,Medium
1729,IV & Emergency Supplies,Defibrillator Pads,78,11,123,408.25,61,2,V004,CarePlus Distributors,393.28,1.278688524590164,High
1730,Equipment/Consumables,BP Monitor Cuff,944,321,1952,10815.13,21,7,V004,CarePlus Distributors,10680.52,44.95238095238095,Low
1731,Diagnostic Supplies,X-ray Film,2027,325,2754,507.97,50,14,V001,MedSupplies Inc.,438.98,40.54,Low
1732,Diagnostic Supplies,X-ray Film,423,103,569,84.79,9,19,V004,CarePlus Distributors,75.34,47.0,Low
1733,IV & Emergency Supplies,Cannula,61,17,91,550.04,21,2,V001,MedSupplies Inc.,581.18,2.9047619047619047,Medium
1734,Diagnostic Supplies,X-ray Film,31,4,55,324.84,13,6,V002,EquipMed Co.,354.85,2.3846153846153846,High
1735,Equipment/Consumables,Thermometer,901,141,2101,5939.97,46,9,V003,HealthTools Ltd.,5362.63,19.58695652173913,Low
1736,Medicines,Painkiller,481,128,1042,151.53,56,7,V004,CarePlus Distributors,142.14,8.589285714285714,Medium
1737,Surgical Supplies,Surgical Mask,1287,296,2999,28.4,125,5,V001,MedSupplies Inc.,26.01,10.296,Low
1738,IV & Emergency Supplies,IV Fluid,576,86,1300,509.25,77,5,V005,PrimeMed Supply Chain,484.84,7.48051948051948,Medium
1739,IV & Emergency Supplies,IV Fluid,449,95,992,545.01,142,4,V002,EquipMed Co.,584.17,3.1619718309859155,High
1740,IV & Emergency Supplies,Cannula,185,31,270,518.42,124,3,V003,HealthTools Ltd.,511.23,1.4919354838709677,High
1741,Diagnostic Supplies,X-ray Film,385,106,721,204.39,32,19,V001,MedSupplies Inc.,217.89,12.03125,High
1742,Surgical Supplies,Sutures,11696,2218,16030,80.13,361,5,V003,HealthTools Ltd.,78.66,32.398891966759,Low
1743,Surgical Supplies,Surgical Gloves,1185,240,2351,15.83,323,4,V001,MedSupplies Inc.,15.12,3.668730650154799,High
1744,Surgical Supplies,Surgical Gloves,903,177,1150,90.09,149,7,V004,CarePlus Distributors,72.1,6.060402684563758,High
1745,Diagnostic Supplies,X-ray Film,505,144,832,391.32,22,6,V002,EquipMed Co.,334.51,22.954545454545453,Low
1746,IV & Emergency Supplies,IV Fluid,2942,492,6266,306.08,162,3,V002,EquipMed Co.,264.9,18.160493827160494,Low
1747,Surgical Supplies,Surgical Gloves,7223,727,15095,69.09,268,8,V003,HealthTools Ltd.,56.33,26.95149253731343,Low
1748,Diagnostic Supplies,Blood Collection Tube,966,154,2365,505.03,66,14,V004,CarePlus Distributors,426.86,14.636363636363637,Medium
1749,Diagnostic Supplies,Reagent,418,126,586,568.77,33,11,V003,HealthTools Ltd.,491.98,12.666666666666666,Medium
1750,Diagnostic Supplies,Blood Collection Tube,767,165,1759,490.58,41,18,V004,CarePlus Distributors,416.06,18.70731707317073,Medium
1751,Equipment/Consumables,Ventilator Filter,2221,258,4567,13287.16,53,12,V001,MedSupplies Inc.,11501.32,41.905660377358494,Low
1752,Medicines,Antibiotic,621,171,1519,437.29,74,13,V003,HealthTools Ltd.,352.89,8.391891891891891,High
1753,Surgical Supplies,Surgical Gloves,1247,430,2913,47.33,320,9,V003,HealthTools Ltd.,39.65,3.896875,High
1754,Medicines,Antibiotic,391,97,502,140.25,88,8,V002,EquipMed Co.,135.6,4.443181818181818,High
1755,Equipment/Consumables,BP Monitor Cuff,135,19,293,12639.37,6,4,V002,EquipMed Co.,11797.47,22.5,Low
1756,Surgical Supplies,Surgical Mask,3387,572,6367,76.13,380,6,V002,EquipMed Co.,82.6,8.913157894736843,Medium
1757,Diagnostic Supplies,Blood Collection Tube,7641,2545,18251,299.86,61,16,V004,CarePlus Distributors,244.37,125.26229508196721,Low
1758,Diagnostic Supplies,Blood Collection Tube,336,73,748,595.97,29,6,V002,EquipMed Co.,647.27,11.586206896551724,Medium
1759,Diagnostic Supplies,Blood Collection Tube,2684,405,3333,306.24,65,19,V004,CarePlus Distributors,283.25,41.292307692307695,Low
1760,Surgical Supplies,Sutures,3837,743,9017,28.08,127,9,V003,HealthTools Ltd.,30.52,30.212598425196852,Low
1761,Equipment/Consumables,Ventilator Filter,218,39,524,16286.91,24,13,V003,HealthTools Ltd.,16421.18,9.083333333333334,High
1762,Medicines,Antiviral,440,94,704,137.81,37,9,V001,MedSupplies Inc.,147.31,11.891891891891891,Medium
1763,Surgical Supplies,Syringes,4187,733,6069,35.48,80,9,V002,EquipMed Co.,28.98,52.3375,Low
1764,Diagnostic Supplies,Blood Collection Tube,110,30,268,462.62,7,13,V001,MedSupplies Inc.,499.53,15.714285714285714,Medium
1765,Medicines,Antiviral,193,37,475,323.93,60,9,V002,EquipMed Co.,285.11,3.216666666666667,High
1766,Medicines,Painkiller,183,45,363,159.51,11,12,V005,PrimeMed Supply Chain,158.2,16.636363636363637,Medium
1767,IV & Emergency Supplies,Defibrillator Pads,67,12,121,791.66,71,2,V005,PrimeMed Supply Chain,649.01,0.9436619718309859,High
1768,Diagnostic Supplies,Reagent,36,4,68,558.62,5,7,V001,MedSupplies Inc.,521.09,7.2,Medium
1769,Diagnostic Supplies,Test Kit,3335,807,7984,588.75,51,16,V002,EquipMed Co.,509.82,65.3921568627451,Low
1770,IV & Emergency Supplies,Cannula,467,118,617,23.2,115,3,V001,MedSupplies Inc.,24.08,4.060869565217391,Medium
1771,Medicines,Insulin,189,23,296,131.9,42,4,V003,HealthTools Ltd.,128.97,4.5,Medium
1772,Surgical Supplies,Sutures,6949,1521,14038,58.51,329,9,V004,CarePlus Distributors,57.14,21.121580547112462,Low
1773,Diagnostic Supplies,Blood Collection Tube,1093,137,2513,208.67,16,17,V003,HealthTools Ltd.,170.33,68.3125,Low
1774,Surgical Supplies,Surgical Mask,22866,5112,44109,8.99,369,9,V003,HealthTools Ltd.,9.01,61.96747967479675,Low
1775,Surgical Supplies,Surgical Mask,7889,2289,17340,60.88,110,9,V001,MedSupplies Inc.,55.5,71.71818181818182,Low
1776,Diagnostic Supplies,Test Kit,396,65,980,168.64,19,11,V004,CarePlus Distributors,177.28,20.842105263157894,Medium
1777,Surgical Supplies,Gauze,583,179,994,32.57,334,2,V002,EquipMed Co.,28.5,1.7455089820359282,High
1778,Medicines,Antibiotic,332,67,814,319.21,90,9,V002,EquipMed Co.,264.57,3.688888888888889,High
1779,Equipment/Consumables,Ventilator Filter,1265,150,2126,9289.16,47,12,V004,CarePlus Distributors,8529.27,26.914893617021278,Low
1780,Diagnostic Supplies,X-ray Film,818,257,1320,104.57,49,18,V004,CarePlus Distributors,109.96,16.693877551020407,High
1781,IV & Emergency Supplies,Oxygen Mask,961,298,1733,398.54,102,2,V004,CarePlus Distributors,343.98,9.42156862745098,Low
1782,Diagnostic Supplies,Blood Collection Tube,5221,811,10944,100.48,51,16,V004,CarePlus Distributors,90.4,102.37254901960785,Low
1783,Equipment/Consumables,Thermometer,1406,286,1948,17930.14,52,4,V003,HealthTools Ltd.,18866.82,27.03846153846154,Low
1784,Equipment/Consumables,Ventilator Filter,181,61,439,17783.53,41,5,V005,PrimeMed Supply Chain,16823.37,4.414634146341464,High
1785,IV & Emergency Supplies,Oxygen Mask,511,63,943,352.84,116,5,V005,PrimeMed Supply Chain,335.49,4.405172413793103,High
1786,Diagnostic Supplies,Test Kit,1448,406,2534,427.47,75,12,V004,CarePlus Distributors,469.34,19.30666666666667,Medium
1787,Diagnostic Supplies,Blood Collection Tube,1253,209,2530,287.72,57,7,V004,CarePlus Distributors,231.73,21.982456140350877,Low
1788,Diagnostic Supplies,Reagent,2834,775,3686,127.09,28,13,V003,HealthTools Ltd.,111.07,101.21428571428571,Low
1789,Medicines,Antihistamine,37,6,84,407.76,6,4,V003,HealthTools Ltd.,407.56,6.166666666666667,Medium
1790,IV & Emergency Supplies,Cannula,329,43,600,546.23,46,6,V002,EquipMed Co.,491.29,7.1521739130434785,Medium
1791,Surgical Supplies,Sutures,10737,2804,23064,24.4,215,7,V004,CarePlus Distributors,21.27,49.93953488372093,Low
1792,Medicines,Antihistamine,1169,353,1928,35.73,34,7,V001,MedSupplies Inc.,28.63,34.38235294117647,Low
1793,Surgical Supplies,Gauze,3092,831,4854,84.51,135,5,V001,MedSupplies Inc.,81.62,22.903703703703705,Low
1794,Diagnostic Supplies,X-ray Film,50,14,74,541.88,12,10,V002,EquipMed Co.,591.38,4.166666666666667,High
1795,IV & Emergency Supplies,Emergency Kit,158,50,317,706.67,61,3,V002,EquipMed Co.,642.29,2.5901639344262297,High
1796,IV & Emergency Supplies,IV Fluid,414,140,959,304.85,182,2,V003,HealthTools Ltd.,290.19,2.2747252747252746,Medium
1797,IV & Emergency Supplies,Emergency Kit,551,138,1033,674.8,192,5,V005,PrimeMed Supply Chain,624.22,2.8697916666666665,High
1798,Medicines,Painkiller,1064,198,1930,356.43,34,6,V001,MedSupplies Inc.,356.12,31.294117647058822,Low
1799,Surgical Supplies,Surgical Gloves,147,17,232,55.53,111,2,V004,CarePlus Distributors,53.37,1.3243243243243243,High
1800,Surgical Supplies,Sutures,2706,932,4840,15.74,301,9,V002,EquipMed Co.,16.51,8.990033222591363,High
1801,IV & Emergency Supplies,Oxygen Mask,442,134,689,788.18,14,5,V005,PrimeMed Supply Chain,782.55,31.571428571428573,Low
1802,Medicines,Antibiotic,313,86,624,407.3,39,13,V004,CarePlus Distributors,391.53,8.025641025641026,High
1803,IV & Emergency Supplies,Oxygen Mask,1091,207,1575,482.01,100,6,V001,MedSupplies Inc.,420.51,10.91,Medium
1804,Medicines,Painkiller,539,105,1254,490.62,76,10,V002,EquipMed Co.,517.26,7.092105263157895,High
1805,IV & Emergency Supplies,Emergency Kit,279,97,551,684.58,122,4,V005,PrimeMed Supply Chain,621.44,2.2868852459016393,High
1806,IV & Emergency Supplies,IV Fluid,3559,503,4925,136.58,169,3,V003,HealthTools Ltd.,141.9,21.059171597633135,Low
1807,Surgical Supplies,Sutures,1316,266,2199,62.05,392,2,V004,CarePlus Distributors,50.56,3.357142857142857,Medium
1808,Surgical Supplies,Gauze,1604,193,3727,35.61,125,4,V003,HealthTools Ltd.,39.09,12.832,Low
1809,Medicines,Painkiller,969,123,2387,53.5,25,5,V003,HealthTools Ltd.,49.87,38.76,Low
1810,IV & Emergency Supplies,Oxygen Mask,813,262,1052,409.78,162,4,V003,HealthTools Ltd.,361.66,5.018518518518518,Medium
1811,Diagnostic Supplies,Blood Collection Tube,368,74,507,409.28,26,15,V005,PrimeMed Supply Chain,370.81,14.153846153846153,High
1812,Diagnostic Supplies,Test Kit,315,85,403,440.89,50,7,V002,EquipMed Co.,404.33,6.3,High
1813,Medicines,Antibiotic,122,31,217,414.09,31,8,V002,EquipMed Co.,384.35,3.935483870967742,High
1814,Surgical Supplies,Gauze,1460,290,3180,16.79,105,8,V005,PrimeMed Supply Chain,15.86,13.904761904761905,Medium
1815,Surgical Supplies,Surgical Gloves,1673,169,2839,31.86,348,3,V001,MedSupplies Inc.,30.75,4.807471264367816,Medium
1816,Surgical Supplies,Surgical Mask,4276,1365,9887,86.22,273,7,V003,HealthTools Ltd.,90.16,15.663003663003662,Low
1817,IV & Emergency Supplies,Emergency Kit,111,23,158,108.2,129,2,V001,MedSupplies Inc.,110.9,0.8604651162790697,High
1818,Medicines,Antihistamine,3819,823,6925,101.24,143,12,V002,EquipMed Co.,102.12,26.706293706293707,Low
1819,Medicines,Antibiotic,1552,180,3862,50.4,37,12,V001,MedSupplies Inc.,52.81,41.945945945945944,Low
1820,Medicines,Antiviral,4435,1254,7417,231.92,146,9,V005,PrimeMed Supply Chain,206.29,30.376712328767123,Low
1821,IV & Emergency Supplies,IV Fluid,706,158,1197,359.46,62,5,V005,PrimeMed Supply Chain,357.76,11.387096774193548,Low
1822,Surgical Supplies,Syringes,2786,633,4495,27.12,288,6,V001,MedSupplies Inc.,26.24,9.67361111111111,Medium
1823,IV & Emergency Supplies,Defibrillator Pads,523,100,793,713.04,88,5,V003,HealthTools Ltd.,716.15,5.943181818181818,Medium
1824,Surgical Supplies,Surgical Gloves,3558,517,5537,64.34,200,6,V004,CarePlus Distributors,67.94,17.79,Low
1825,Diagnostic Supplies,Reagent,1337,391,3133,404.21,77,6,V002,EquipMed Co.,396.69,17.363636363636363,Low
1826,Surgical Supplies,Gauze,1500,260,2819,12.51,255,6,V001,MedSupplies Inc.,11.75,5.882352941176471,High
1827,Medicines,Antibiotic,255,83,604,334.3,30,12,V005,PrimeMed Supply Chain,360.54,8.5,High
1828,Equipment/Consumables,BP Monitor Cuff,500,173,1075,4493.39,6,14,V003,HealthTools Ltd.,4313.92,83.33333333333333,Low
1829,Diagnostic Supplies,Blood Collection Tube,1398,382,2144,297.54,26,14,V002,EquipMed Co.,253.48,53.76923076923077,Low
1830,Medicines,Insulin,1734,261,2356,223.42,73,13,V001,MedSupplies Inc.,187.02,23.753424657534246,Medium
1831,Diagnostic Supplies,Reagent,382,98,599,144.83,37,11,V004,CarePlus Distributors,128.16,10.324324324324325,High
1832,Diagnostic Supplies,Blood Collection Tube,1773,421,2912,255.87,27,15,V004,CarePlus Distributors,278.07,65.66666666666667,Low
1833,Equipment/Consumables,BP Monitor Cuff,264,63,416,1742.42,59,10,V002,EquipMed Co.,1553.02,4.47457627118644,High
1834,IV & Emergency Supplies,Defibrillator Pads,99,14,141,428.17,72,2,V002,EquipMed Co.,397.88,1.375,High
1835,IV & Emergency Supplies,Cannula,394,87,772,247.17,89,2,V004,CarePlus Distributors,214.96,4.426966292134831,Low
1836,Diagnostic Supplies,X-ray Film,2808,763,3522,24.15,50,8,V002,EquipMed Co.,24.17,56.16,Low
1837,IV & Emergency Supplies,Emergency Kit,3015,995,5143,122.18,106,6,V004,CarePlus Distributors,115.89,28.443396226415093,Low
1838,Medicines,Antibiotic,3876,731,7251,107.22,132,12,V003,HealthTools Ltd.,103.97,29.363636363636363,Low
1839,Surgical Supplies,Sutures,1572,247,3504,33.34,151,9,V002,EquipMed Co.,35.99,10.410596026490067,Medium
1840,Surgical Supplies,Syringes,5300,1443,7680,32.67,330,6,V004,CarePlus Distributors,31.78,16.060606060606062,Low
1841,Surgical Supplies,Gauze,631,178,1538,73.7,135,6,V003,HealthTools Ltd.,63.8,4.674074074074074,High
1842,Diagnostic Supplies,Blood Collection Tube,1937,468,3512,172.89,78,7,V005,PrimeMed Supply Chain,181.85,24.833333333333332,Low
1843,Surgical Supplies,Syringes,2507,730,5661,48.91,188,6,V004,CarePlus Distributors,40.48,13.335106382978724,Low
1844,Equipment/Consumables,Ventilator Filter,366,78,866,2325.89,24,3,V004,CarePlus Distributors,2301.64,15.25,Low
1845,Equipment/Consumables,BP Monitor Cuff,3430,905,5699,17310.34,34,13,V002,EquipMed Co.,17585.31,100.88235294117646,Low
1846,IV & Emergency Supplies,IV Fluid,833,260,2010,320.87,95,5,V004,CarePlus Distributors,342.39,8.76842105263158,Medium
1847,Diagnostic Supplies,X-ray Film,4505,1139,9480,30.65,47,14,V001,MedSupplies Inc.,28.82,95.85106382978724,Low
1848,Diagnostic Supplies,Reagent,184,34,272,117.91,20,7,V005,PrimeMed Supply Chain,106.46,9.2,Medium
1849,Surgical Supplies,Gauze,9725,1214,13008,81.52,314,8,V005,PrimeMed Supply Chain,67.29,30.971337579617835,Low
1850,Diagnostic Supplies,Blood Collection Tube,1743,502,2903,395.65,20,14,V004,CarePlus Distributors,424.11,87.15,Low
1851,IV & Emergency Supplies,Oxygen Mask,254,78,545,682.9,96,6,V004,CarePlus Distributors,564.91,2.6458333333333335,High
1852,Medicines,Insulin,3927,708,7836,296.32,131,11,V001,MedSupplies Inc.,310.36,29.977099236641223,Low
1853,Diagnostic Supplies,X-ray Film,4898,915,11478,35.03,56,13,V002,EquipMed Co.,34.22,87.46428571428571,Low
1854,IV & Emergency Supplies,Emergency Kit,1080,344,1912,780.36,66,6,V002,EquipMed Co.,850.8,16.363636363636363,Low
1855,Medicines,Antibiotic,957,214,1754,122.06,126,12,V004,CarePlus Distributors,128.29,7.595238095238095,High
1856,Surgical Supplies,Gauze,725,197,1101,45.19,217,2,V002,EquipMed Co.,42.32,3.3410138248847927,Medium
1857,Medicines,Antibiotic,770,214,1851,444.72,45,10,V004,CarePlus Distributors,453.9,17.11111111111111,Medium
1858,Surgical Supplies,Surgical Mask,2400,519,5711,2.35,308,5,V002,EquipMed Co.,2.49,7.792207792207792,Medium
1859,IV & Emergency Supplies,IV Fluid,1138,146,1391,641.94,143,2,V005,PrimeMed Supply Chain,531.21,7.958041958041958,Low
1860,Medicines,Antihistamine,1313,308,2333,392.69,25,12,V004,CarePlus Distributors,384.04,52.52,Low
1861,IV & Emergency Supplies,Emergency Kit,1917,360,2687,537.46,182,6,V001,MedSupplies Inc.,489.96,10.532967032967033,Medium
1862,IV & Emergency Supplies,Cannula,157,32,391,365.54,54,2,V002,EquipMed Co.,362.76,2.9074074074074074,Medium
1863,Diagnostic Supplies,Test Kit,5917,2043,10274,122.3,63,15,V005,PrimeMed Supply Chain,117.39,93.92063492063492,Low
1864,Surgical Supplies,Sutures,4542,816,7364,99.94,155,5,V005,PrimeMed Supply Chain,86.64,29.303225806451614,Low
1865,Equipment/Consumables,BP Monitor Cuff,2376,315,5555,3928.57,30,13,V004,CarePlus Distributors,3379.69,79.2,Low
1866,Equipment/Consumables,Small Equipment,32,8,76,14668.61,19,5,V001,MedSupplies Inc.,13255.12,1.6842105263157894,High
1867,Surgical Supplies,Syringes,2435,848,5157,95.97,194,3,V004,CarePlus Distributors,93.67,12.551546391752577,Low
1868,Medicines,Insulin,2268,705,4474,235.47,148,11,V002,EquipMed Co.,243.1,15.324324324324325,Medium
1869,Medicines,Painkiller,3158,390,6392,329.93,119,11,V002,EquipMed Co.,344.8,26.537815126050422,Low
1870,Diagnostic Supplies,Reagent,91,13,225,489.83,31,6,V003,HealthTools Ltd.,451.34,2.935483870967742,High
1871,Equipment/Consumables,Ventilator Filter,894,154,1949,17909.96,10,14,V001,MedSupplies Inc.,17088.89,89.4,Low
1872,Equipment/Consumables,Thermometer,104,15,219,19411.13,23,11,V001,MedSupplies Inc.,19917.14,4.521739130434782,High
1873,Diagnostic Supplies,Test Kit,593,81,1139,555.44,65,13,V004,CarePlus Distributors,458.9,9.123076923076923,High
1874,Medicines,Painkiller,1349,293,2561,85.01,148,13,V005,PrimeMed Supply Chain,69.24,9.114864864864865,High
1875,Equipment/Consumables,Ventilator Filter,554,102,1281,16268.06,8,11,V001,MedSupplies Inc.,13643.76,69.25,Low
1876,Equipment/Consumables,Ventilator Filter,552,72,1032,18555.77,16,13,V003,HealthTools Ltd.,17917.01,34.5,Low
1877,Diagnostic Supplies,Blood Collection Tube,394,91,732,187.51,53,10,V002,EquipMed Co.,177.46,7.433962264150943,High
1878,IV & Emergency Supplies,Defibrillator Pads,3087,906,6239,512.8,132,3,V001,MedSupplies Inc.,411.31,23.386363636363637,Low
1879,Surgical Supplies,Gauze,64,18,92,35.22,27,2,V005,PrimeMed Supply Chain,38.5,2.3703703703703702,Medium
1880,Diagnostic Supplies,Reagent,264,35,470,102.94,10,14,V002,EquipMed Co.,109.55,26.4,Medium
1881,Equipment/Consumables,Ventilator Filter,89,13,121,18491.31,23,8,V001,MedSupplies Inc.,15935.18,3.869565217391304,High
1882,Medicines,Antiviral,497,135,694,189.73,23,11,V004,CarePlus Distributors,172.31,21.608695652173914,Medium
1883,Medicines,Antihistamine,421,83,780,441.41,19,13,V004,CarePlus Distributors,360.21,22.157894736842106,Medium
1884,Surgical Supplies,Syringes,2173,394,3496,6.12,208,7,V005,PrimeMed Supply Chain,5.39,10.447115384615385,Medium
1885,Medicines,Painkiller,3841,629,6058,148.48,62,12,V004,CarePlus Distributors,142.74,61.95161290322581,Low
1886,Medicines,Painkiller,462,161,966,262.08,30,13,V003,HealthTools Ltd.,237.26,15.4,Medium
1887,IV & Emergency Supplies,Defibrillator Pads,269,33,436,591.18,151,2,V005,PrimeMed Supply Chain,618.88,1.781456953642384,High
1888,Equipment/Consumables,Thermometer,65,7,92,12141.71,20,4,V001,MedSupplies Inc.,11914.22,3.25,High
1889,Medicines,Antiviral,38,5,85,310.98,7,6,V003,HealthTools Ltd.,288.83,5.428571428571429,High
1890,Equipment/Consumables,Thermometer,1989,495,4359,12525.34,39,11,V004,CarePlus Distributors,11043.27,51.0,Low
1891,Equipment/Consumables,Ventilator Filter,203,56,412,1691.52,38,3,V002,EquipMed Co.,1839.23,5.342105263157895,Medium
1892,IV & Emergency Supplies,Cannula,945,216,2307,315.7,125,4,V001,MedSupplies Inc.,340.11,7.56,Medium
1893,Diagnostic Supplies,Test Kit,261,76,448,317.3,20,11,V001,MedSupplies Inc.,307.24,13.05,Medium
1894,Medicines,Antiviral,181,30,336,193.49,37,4,V001,MedSupplies Inc.,164.14,4.891891891891892,Medium
1895,Equipment/Consumables,Ventilator Filter,2364,675,3357,11751.78,45,10,V003,HealthTools Ltd.,11715.23,52.53333333333333,Low
1896,IV & Emergency Supplies,Cannula,597,185,720,664.82,137,5,V002,EquipMed Co.,534.93,4.357664233576642,High
1897,Equipment/Consumables,Ventilator Filter,2669,523,6632,9336.86,43,12,V003,HealthTools Ltd.,9623.48,62.06976744186046,Low
1898,Medicines,Insulin,958,279,2095,312.1,110,12,V002,EquipMed Co.,334.45,8.709090909090909,High
1899,IV & Emergency Supplies,IV Fluid,404,120,812,490.38,87,2,V002,EquipMed Co.,429.51,4.64367816091954,Low
1900,Diagnostic Supplies,Reagent,1752,360,2703,295.97,24,10,V001,MedSupplies Inc.,290.49,73.0,Low
1901,Equipment/Consumables,Small Equipment,1342,403,2809,2264.4,46,11,V001,MedSupplies Inc.,2269.27,29.17391304347826,Low
1902,IV & Emergency Supplies,Emergency Kit,2223,729,3645,348.27,135,4,V001,MedSupplies Inc.,326.81,16.466666666666665,Low
1903,Equipment/Consumables,Small Equipment,741,136,1716,19407.4,31,8,V004,CarePlus Distributors,21309.09,23.903225806451612,Low
1904,Diagnostic Supplies,Blood Collection Tube,456,59,1025,64.86,14,6,V004,CarePlus Distributors,64.56,32.57142857142857,Low
1905,Surgical Supplies,Surgical Gloves,448,130,590,93.02,158,7,V004,CarePlus Distributors,100.25,2.8354430379746836,High
1906,IV & Emergency Supplies,Defibrillator Pads,4167,724,9131,80.17,165,4,V003,HealthTools Ltd.,83.38,25.254545454545454,Low
1907,IV & Emergency Supplies,Emergency Kit,3345,970,6839,160.35,152,6,V004,CarePlus Distributors,131.99,22.00657894736842,Low
1908,IV & Emergency Supplies,Defibrillator Pads,338,89,732,721.78,171,3,V005,PrimeMed Supply Chain,662.4,1.976608187134503,High
1909,Diagnostic Supplies,Reagent,830,227,2053,104.08,7,16,V002,EquipMed Co.,113.54,118.57142857142857,Low
1910,Surgical Supplies,Sutures,995,316,1866,14.34,114,9,V001,MedSupplies Inc.,13.16,8.728070175438596,High
1911,Surgical Supplies,Surgical Mask,4372,506,6460,93.54,357,6,V004,CarePlus Distributors,102.37,12.246498599439775,Low
1912,Medicines,Insulin,529,120,980,186.21,146,4,V002,EquipMed Co.,158.37,3.6232876712328768,High
1913,IV & Emergency Supplies,Oxygen Mask,2996,450,4299,23.36,198,2,V003,HealthTools Ltd.,19.64,15.131313131313131,Low
1914,Equipment/Consumables,BP Monitor Cuff,3513,1110,4257,19282.06,59,13,V003,HealthTools Ltd.,21031.02,59.54237288135593,Low
1915,Surgical Supplies,Surgical Mask,3947,762,7690,13.23,359,2,V004,CarePlus Distributors,13.82,10.994428969359332,Low
1916,Medicines,Antiviral,7695,816,11374,152.88,94,13,V005,PrimeMed Supply Chain,163.76,81.86170212765957,Low
1917,Equipment/Consumables,Ventilator Filter,384,106,775,17249.58,54,9,V002,EquipMed Co.,17016.64,7.111111111111111,High
1918,Medicines,Antibiotic,459,77,843,16.01,32,12,V004,CarePlus Distributors,14.08,14.34375,Medium
1919,Diagnostic Supplies,Test Kit,5208,1251,6689,366.34,70,10,V002,EquipMed Co.,347.13,74.4,Low
1920,Medicines,Antibiotic,145,29,265,284.93,41,8,V004,CarePlus Distributors,244.52,3.5365853658536586,High
1921,IV & Emergency Supplies,Emergency Kit,36,4,57,268.06,37,2,V002,EquipMed Co.,229.06,0.972972972972973,High
1922,Surgical Supplies,Surgical Mask,741,175,1723,60.75,217,2,V003,HealthTools Ltd.,64.44,3.414746543778802,Medium
1923,Equipment/Consumables,Ventilator Filter,740,165,1179,1559.74,38,9,V004,CarePlus Distributors,1613.09,19.473684210526315,Low
1924,Surgical Supplies,Surgical Mask,313,65,474,35.13,81,2,V004,CarePlus Distributors,33.29,3.8641975308641974,Medium
1925,Medicines,Antihistamine,792,219,1948,282.03,25,6,V003,HealthTools Ltd.,252.11,31.68,Low
1926,IV & Emergency Supplies,Oxygen Mask,545,62,781,188.06,132,6,V002,EquipMed Co.,179.14,4.128787878787879,High
1927,Surgical Supplies,Syringes,1112,203,1686,47.55,213,6,V001,MedSupplies Inc.,50.88,5.220657276995305,High
1928,Medicines,Antibiotic,1400,148,1994,414.12,142,9,V002,EquipMed Co.,385.19,9.859154929577464,Medium
1929,IV & Emergency Supplies,IV Fluid,2458,474,4070,425.31,148,3,V005,PrimeMed Supply Chain,427.31,16.60810810810811,Low
1930,Surgical Supplies,Syringes,5766,733,12642,57.04,94,9,V004,CarePlus Distributors,49.16,61.340425531914896,Low
1931,Diagnostic Supplies,Blood Collection Tube,1362,166,2846,495.67,42,14,V001,MedSupplies Inc.,519.85,32.42857142857143,Low
1932,Surgical Supplies,Sutures,56,6,79,91.06,27,4,V005,PrimeMed Supply Chain,87.1,2.074074074074074,High
1933,Medicines,Antibiotic,143,20,287,73.36,8,10,V005,PrimeMed Supply Chain,73.52,17.875,Medium
1934,Equipment/Consumables,Small Equipment,656,157,899,6091.62,50,3,V003,HealthTools Ltd.,5362.76,13.12,Low
1935,Equipment/Consumables,Ventilator Filter,96,22,224,8187.11,12,14,V003,HealthTools Ltd.,6997.27,8.0,High
1936,Medicines,Antiviral,203,59,254,36.24,66,8,V002,EquipMed Co.,31.96,3.0757575757575757,High
1937,Diagnostic Supplies,Blood Collection Tube,1884,208,2285,165.17,61,14,V001,MedSupplies Inc.,171.15,30.885245901639344,Low
1938,Equipment/Consumables,BP Monitor Cuff,1361,231,2211,4055.27,36,11,V002,EquipMed Co.,4377.49,37.80555555555556,Low
1939,Medicines,Painkiller,405,52,664,420.52,72,6,V005,PrimeMed Supply Chain,414.7,5.625,High
1940,Equipment/Consumables,Ventilator Filter,215,47,458,2330.97,46,10,V003,HealthTools Ltd.,2462.69,4.673913043478261,High
1941,Diagnostic Supplies,Blood Collection Tube,1035,260,2019,454.76,52,13,V002,EquipMed Co.,460.47,19.903846153846153,Medium
1942,Diagnostic Supplies,Test Kit,923,144,1981,124.36,17,7,V005,PrimeMed Supply Chain,111.1,54.294117647058826,Low
1943,Medicines,Antibiotic,207,42,434,299.73,58,5,V002,EquipMed Co.,303.16,3.5689655172413794,High
1944,Medicines,Painkiller,1870,366,4673,242.79,109,8,V003,HealthTools Ltd.,231.81,17.155963302752294,Low
1945,IV & Emergency Supplies,Oxygen Mask,4852,1343,8820,734.7,157,4,V003,HealthTools Ltd.,611.86,30.904458598726116,Low
1946,Surgical Supplies,Surgical Gloves,189,62,302,43.1,81,3,V001,MedSupplies Inc.,37.98,2.3333333333333335,High
1947,Surgical Supplies,Syringes,5680,1657,7682,10.66,190,7,V002,EquipMed Co.,9.75,29.894736842105264,Low
1948,Equipment/Consumables,Small Equipment,2695,270,4822,6173.07,34,12,V004,CarePlus Distributors,6675.85,79.26470588235294,Low
1949,Medicines,Antihistamine,521,147,1145,412.1,11,8,V002,EquipMed Co.,337.34,47.36363636363637,Low
1950,Equipment/Consumables,Thermometer,919,278,1103,10624.02,54,10,V005,PrimeMed Supply Chain,9069.45,17.01851851851852,Medium
1951,IV & Emergency Supplies,Cannula,416,77,816,36.66,168,5,V003,HealthTools Ltd.,36.67,2.4761904761904763,High
1952,Surgical Supplies,Gauze,648,87,902,18.13,183,4,V002,EquipMed Co.,15.72,3.540983606557377,High
1953,Medicines,Painkiller,708,193,922,290.94,14,13,V003,HealthTools Ltd.,254.58,50.57142857142857,Low
1954,Equipment/Consumables,BP Monitor Cuff,188,58,234,5681.54,30,8,V003,HealthTools Ltd.,6010.26,6.266666666666667,High
1955,Medicines,Antiviral,203,30,496,490.69,22,4,V003,HealthTools Ltd.,465.9,9.227272727272727,Low
1956,IV & Emergency Supplies,Cannula,488,127,651,325.99,102,2,V004,CarePlus Distributors,349.58,4.784313725490196,Low
1957,IV & Emergency Supplies,Emergency Kit,998,329,1789,342.34,192,6,V005,PrimeMed Supply Chain,287.01,5.197916666666667,High
1958,Medicines,Antihistamine,290,86,718,172.6,93,5,V003,HealthTools Ltd.,177.81,3.118279569892473,High
1959,IV & Emergency Supplies,Oxygen Mask,64,21,92,112.3,81,2,V003,HealthTools Ltd.,115.59,0.7901234567901234,High
1960,Surgical Supplies,Sutures,1690,223,4108,84.36,341,4,V001,MedSupplies Inc.,78.76,4.956011730205279,Medium
1961,Medicines,Painkiller,198,20,471,292.33,79,5,V004,CarePlus Distributors,243.76,2.5063291139240507,High
1962,IV & Emergency Supplies,Defibrillator Pads,149,32,290,732.23,11,3,V004,CarePlus Distributors,724.58,13.545454545454545,Low
1963,Medicines,Antiviral,410,106,899,75.83,19,4,V001,MedSupplies Inc.,72.99,21.57894736842105,Low
1964,Surgical Supplies,Gauze,11882,3710,26556,85.08,313,9,V002,EquipMed Co.,70.41,37.96166134185304,Low
1965,Diagnostic Supplies,Test Kit,86,22,188,74.73,7,16,V004,CarePlus Distributors,61.1,12.285714285714286,High
1966,Surgical Supplies,Sutures,1028,273,1979,42.62,56,5,V005,PrimeMed Supply Chain,37.67,18.357142857142858,Low
1967,IV & Emergency Supplies,Oxygen Mask,5837,949,10582,220.3,155,5,V005,PrimeMed Supply Chain,217.09,37.65806451612903,Low
1968,Diagnostic Supplies,Reagent,64,17,118,401.19,16,6,V003,HealthTools Ltd.,397.81,4.0,High
1969,Medicines,Antiviral,143,18,267,441.03,29,8,V003,HealthTools Ltd.,403.41,4.931034482758621,High
1970,Equipment/Consumables,Ventilator Filter,1748,300,3234,11417.53,55,5,V004,CarePlus Distributors,10772.62,31.78181818181818,Low
1971,Medicines,Painkiller,246,29,480,276.03,83,6,V002,EquipMed Co.,223.42,2.963855421686747,High
1972,Equipment/Consumables,Thermometer,235,64,539,5193.57,45,9,V003,HealthTools Ltd.,4638.97,5.222222222222222,High
1973,Equipment/Consumables,BP Monitor Cuff,736,235,1818,18551.54,57,9,V005,PrimeMed Supply Chain,15079.07,12.912280701754385,Medium
1974,Medicines,Insulin,408,77,855,177.87,32,8,V003,HealthTools Ltd.,153.23,12.75,Medium
1975,Diagnostic Supplies,Test Kit,987,190,1588,280.03,52,12,V003,HealthTools Ltd.,225.4,18.98076923076923,Medium
1976,Diagnostic Supplies,Reagent,53,10,81,573.68,9,14,V002,EquipMed Co.,593.58,5.888888888888889,High
1977,Medicines,Insulin,119,22,191,244.87,54,6,V003,HealthTools Ltd.,263.83,2.2037037037037037,High
1978,Diagnostic Supplies,X-ray Film,154,29,340,132.16,25,18,V005,PrimeMed Supply Chain,133.96,6.16,High
1979,Diagnostic Supplies,Blood Collection Tube,2009,527,4084,136.26,67,5,V002,EquipMed Co.,149.38,29.98507462686567,Low
1980,Equipment/Consumables,BP Monitor Cuff,122,17,268,14104.07,9,9,V004,CarePlus Distributors,13726.16,13.555555555555555,Medium
1981,Equipment/Consumables,Small Equipment,23,6,46,9194.61,3,12,V004,CarePlus Distributors,8014.33,7.666666666666667,High
1982,Equipment/Consumables,Small Equipment,57,9,88,17455.84,21,7,V002,EquipMed Co.,14996.77,2.7142857142857144,High
1983,IV & Emergency Supplies,Oxygen Mask,175,43,436,517.03,26,3,V001,MedSupplies Inc.,443.35,6.730769230769231,Low
1984,IV & Emergency Supplies,Oxygen Mask,28,8,45,709.92,12,4,V003,HealthTools Ltd.,636.57,2.3333333333333335,High
1985,IV & Emergency Supplies,Cannula,647,213,1385,100.41,129,2,V004,CarePlus Distributors,94.42,5.015503875968992,Low
1986,Diagnostic Supplies,Blood Collection Tube,1865,613,3411,541.04,17,17,V002,EquipMed Co.,489.81,109.70588235294117,Low
1987,Equipment/Consumables,BP Monitor Cuff,1146,358,2679,18027.9,53,9,V001,MedSupplies Inc.,18515.3,21.62264150943396,Low
1988,Diagnostic Supplies,Reagent,944,97,1433,155.4,27,7,V005,PrimeMed Supply Chain,146.24,34.96296296296296,Low
1989,Medicines,Insulin,147,20,255,367.34,22,13,V001,MedSupplies Inc.,359.19,6.681818181818182,High
1990,IV & Emergency Supplies,IV Fluid,655,85,1466,373.58,188,6,V003,HealthTools Ltd.,409.68,3.484042553191489,High
1991,Medicines,Antihistamine,4477,695,5436,91.37,105,11,V005,PrimeMed Supply Chain,98.52,42.63809523809524,Low
1992,Medicines,Insulin,126,18,195,225.14,12,11,V003,HealthTools Ltd.,201.94,10.5,High
1993,Medicines,Painkiller,4870,1481,9554,121.19,113,8,V002,EquipMed Co.,123.31,43.097345132743364,Low
1994,Equipment/Consumables,BP Monitor Cuff,901,117,1120,19359.97,33,14,V002,EquipMed Co.,20958.99,27.303030303030305,Medium
1995,Medicines,Antihistamine,111,23,268,155.62,45,4,V002,EquipMed Co.,145.34,2.466666666666667,High
1996,Surgical Supplies,Gauze,309,91,490,7.72,130,3,V005,PrimeMed Supply Chain,6.94,2.376923076923077,High
1997,Diagnostic Supplies,Reagent,4783,1088,6954,213.1,47,13,V005,PrimeMed Supply Chain,205.99,101.76595744680851,Low
1998,Surgical Supplies,Surgical Gloves,898,301,1523,36.08,160,6,V004,CarePlus Distributors,33.63,5.6125,High
1999,Surgical Supplies,Sutures,8894,2309,11765,87.88,290,6,V001,MedSupplies Inc.,89.18,30.66896551724138,Low
2000,Surgical Supplies,Sutures,527,181,1197,87.66,33,8,V001,MedSupplies Inc.,83.15,15.969696969696969,Medium
2001,Surgical Supplies,Syringes,1545,223,3696,96.9,36,7,V005,PrimeMed Supply Chain,88.1,42.916666666666664,Low
2002,Diagnostic Supplies,Reagent,618,73,1195,592.58,34,11,V003,HealthTools Ltd.,577.02,18.176470588235293,Medium
2003,IV & Emergency Supplies,IV Fluid,1704,496,3698,245.32,188,3,V001,MedSupplies Inc.,203.8,9.063829787234043,Low
2004,Surgical Supplies,Syringes,2270,427,4946,37.83,229,7,V004,CarePlus Distributors,33.92,9.912663755458516,Medium
2005,IV & Emergency Supplies,Defibrillator Pads,288,79,451,141.9,64,6,V004,CarePlus Distributors,130.81,4.5,High
2006,Surgical Supplies,Sutures,1016,158,1293,6.44,41,6,V005,PrimeMed Supply Chain,5.54,24.78048780487805,Low
2007,IV & Emergency Supplies,IV Fluid,353,73,776,383.48,149,6,V003,HealthTools Ltd.,370.73,2.3691275167785233,High
2008,Surgical Supplies,Surgical Gloves,5304,1777,12968,48.92,278,6,V003,HealthTools Ltd.,39.32,19.07913669064748,Low
2009,Diagnostic Supplies,Reagent,4369,596,8052,315.0,72,12,V005,PrimeMed Supply Chain,309.19,60.68055555555556,Low
2010,Equipment/Consumables,Small Equipment,571,67,1109,4815.88,32,12,V005,PrimeMed Supply Chain,4006.35,17.84375,Medium
2011,Surgical Supplies,Surgical Gloves,1017,182,1536,37.37,133,4,V002,EquipMed Co.,32.33,7.646616541353383,Medium
2012,IV & Emergency Supplies,Oxygen Mask,1801,310,2921,206.76,83,4,V002,EquipMed Co.,200.56,21.698795180722893,Low
2013,Surgical Supplies,Sutures,4514,957,7363,38.1,265,3,V002,EquipMed Co.,35.01,17.033962264150944,Low
2014,Diagnostic Supplies,Blood Collection Tube,1596,169,3913,384.14,56,7,V003,HealthTools Ltd.,340.45,28.5,Low
2015,Surgical Supplies,Surgical Gloves,4897,1034,7694,32.39,364,2,V005,PrimeMed Supply Chain,25.91,13.453296703296703,Low
2016,Medicines,Painkiller,412,104,584,459.41,40,6,V002,EquipMed Co.,477.41,10.3,Medium
2017,Medicines,Painkiller,6673,1071,10414,281.99,89,11,V001,MedSupplies Inc.,266.48,74.97752808988764,Low
2018,Medicines,Antibiotic,217,61,483,97.86,110,5,V001,MedSupplies Inc.,95.6,1.9727272727272727,High
2019,Surgical Supplies,Surgical Gloves,1235,218,2644,58.86,357,2,V001,MedSupplies Inc.,58.51,3.4593837535014007,Medium
2020,Equipment/Consumables,BP Monitor Cuff,2143,341,3241,76.8,58,9,V003,HealthTools Ltd.,80.9,36.94827586206897,Low
2021,IV & Emergency Supplies,Cannula,616,131,760,195.97,191,2,V001,MedSupplies Inc.,165.55,3.225130890052356,Medium
2022,Diagnostic Supplies,Test Kit,847,138,1440,211.99,36,12,V004,CarePlus Distributors,189.07,23.52777777777778,Medium
2023,Equipment/Consumables,Thermometer,110,12,238,5897.74,10,14,V003,HealthTools Ltd.,4872.4,11.0,High
2024,IV & Emergency Supplies,Defibrillator Pads,1586,434,3639,518.58,95,6,V003,HealthTools Ltd.,455.7,16.694736842105264,Low
2025,IV & Emergency Supplies,Oxygen Mask,4331,840,10262,458.93,186,4,V001,MedSupplies Inc.,446.13,23.28494623655914,Low
2026,IV & Emergency Supplies,Oxygen Mask,928,274,1960,420.77,107,6,V004,CarePlus Distributors,409.36,8.672897196261681,Medium
2027,Medicines,Antibiotic,1034,263,2579,72.17,118,9,V001,MedSupplies Inc.,57.75,8.76271186440678,High
2028,Equipment/Consumables,Thermometer,42,12,76,12498.6,17,5,V004,CarePlus Distributors,13147.59,2.4705882352941178,High
2029,IV & Emergency Supplies,Cannula,3011,546,6260,683.71,116,4,V002,EquipMed Co.,701.9,25.95689655172414,Low
2030,Surgical Supplies,Surgical Mask,127,16,267,94.78,79,2,V003,HealthTools Ltd.,80.18,1.6075949367088607,High
2031,Surgical Supplies,Surgical Gloves,2852,968,5639,44.49,145,3,V001,MedSupplies Inc.,36.03,19.66896551724138,Low
2032,Diagnostic Supplies,Test Kit,352,57,474,426.75,5,18,V005,PrimeMed Supply Chain,382.58,70.4,Low
2033,Surgical Supplies,Surgical Mask,1186,406,2641,29.29,119,4,V001,MedSupplies Inc.,31.51,9.966386554621849,Low
2034,IV & Emergency Supplies,Defibrillator Pads,1762,295,4159,279.41,162,3,V003,HealthTools Ltd.,264.59,10.876543209876543,Low
2035,Medicines,Insulin,933,167,1566,471.8,141,13,V005,PrimeMed Supply Chain,393.28,6.617021276595745,High
2036,Diagnostic Supplies,X-ray Film,3089,860,4501,294.37,47,12,V003,HealthTools Ltd.,270.16,65.72340425531915,Low
2037,Medicines,Painkiller,1463,351,2481,395.35,106,6,V005,PrimeMed Supply Chain,376.11,13.80188679245283,Low
2038,Surgical Supplies,Surgical Gloves,519,140,1072,4.45,177,2,V003,HealthTools Ltd.,4.22,2.9322033898305087,Medium
2039,Surgical Supplies,Surgical Gloves,958,149,2081,37.73,292,2,V004,CarePlus Distributors,34.3,3.280821917808219,Medium
2040,Diagnostic Supplies,Reagent,127,27,260,459.64,6,5,V004,CarePlus Distributors,412.13,21.166666666666668,Low
2041,Surgical Supplies,Surgical Mask,218,75,270,65.39,35,7,V005,PrimeMed Supply Chain,69.07,6.228571428571429,High
2042,Equipment/Consumables,Thermometer,1197,121,2891,19483.25,53,9,V002,EquipMed Co.,20210.71,22.58490566037736,Low
2043,Medicines,Antiviral,976,297,2194,22.19,76,12,V005,PrimeMed Supply Chain,18.4,12.842105263157896,Medium
2044,Equipment/Consumables,Small Equipment,1273,423,2351,12419.62,58,7,V002,EquipMed Co.,12109.59,21.948275862068964,Low
2045,Equipment/Consumables,Ventilator Filter,62,16,111,4930.94,6,5,V003,HealthTools Ltd.,5368.62,10.333333333333334,Low
2046,Surgical Supplies,Surgical Gloves,222,24,360,75.67,39,9,V005,PrimeMed Supply Chain,64.63,5.6923076923076925,High
2047,IV & Emergency Supplies,Defibrillator Pads,234,56,544,239.35,59,4,V005,PrimeMed Supply Chain,192.59,3.9661016949152543,High
2048,Equipment/Consumables,Thermometer,281,84,386,2338.03,30,6,V005,PrimeMed Supply Chain,1967.0,9.366666666666667,Medium
2049,IV & Emergency Supplies,Defibrillator Pads,719,242,1051,536.49,183,4,V002,EquipMed Co.,453.07,3.92896174863388,High
2050,Medicines,Antibiotic,2953,705,5495,113.56,99,6,V003,HealthTools Ltd.,123.5,29.828282828282827,Low
2051,Surgical Supplies,Syringes,887,154,1994,26.46,81,5,V003,HealthTools Ltd.,26.3,10.950617283950617,Low
2052,IV & Emergency Supplies,Defibrillator Pads,401,63,879,236.2,169,3,V005,PrimeMed Supply Chain,216.88,2.3727810650887573,High
2053,IV & Emergency Supplies,Defibrillator Pads,432,107,597,74.18,165,3,V001,MedSupplies Inc.,75.63,2.618181818181818,High
2054,Surgical Supplies,Gauze,5005,888,6712,73.67,347,6,V002,EquipMed Co.,80.28,14.423631123919309,Low
2055,Diagnostic Supplies,X-ray Film,4405,804,10498,511.62,68,15,V002,EquipMed Co.,503.53,64.77941176470588,Low
2056,Medicines,Antiviral,60,15,106,264.53,6,5,V004,CarePlus Distributors,236.05,10.0,Low
2057,IV & Emergency Supplies,Oxygen Mask,89,27,118,149.74,23,3,V001,MedSupplies Inc.,146.76,3.869565217391304,Medium
2058,Equipment/Consumables,Small Equipment,176,55,243,3125.02,17,6,V002,EquipMed Co.,3179.35,10.352941176470589,Medium
2059,Equipment/Consumables,Ventilator Filter,952,231,2359,6439.07,27,11,V004,CarePlus Distributors,5589.56,35.25925925925926,Low
2060,Diagnostic Supplies,Test Kit,2062,363,2768,593.77,78,8,V001,MedSupplies Inc.,577.83,26.435897435897434,Low
2061,Diagnostic Supplies,X-ray Film,241,82,579,465.73,19,8,V002,EquipMed Co.,380.34,12.68421052631579,Medium
2062,Surgical Supplies,Gauze,583,197,1202,21.78,125,2,V005,PrimeMed Supply Chain,17.62,4.664,Low
2063,Surgical Supplies,Surgical Mask,3093,332,5722,60.94,160,9,V002,EquipMed Co.,66.06,19.33125,Low
2064,Medicines,Antiviral,4009,1063,9959,176.94,43,13,V002,EquipMed Co.,193.49,93.23255813953489,Low
2065,Equipment/Consumables,BP Monitor Cuff,356,85,575,16324.39,30,10,V003,HealthTools Ltd.,14856.37,11.866666666666667,Medium
2066,IV & Emergency Supplies,Oxygen Mask,307,92,406,586.22,43,4,V005,PrimeMed Supply Chain,531.74,7.1395348837209305,Medium
2067,Medicines,Antiviral,3907,899,5408,35.31,81,7,V002,EquipMed Co.,37.98,48.23456790123457,Low
2068,Diagnostic Supplies,Blood Collection Tube,5512,659,8803,437.74,50,15,V001,MedSupplies Inc.,409.51,110.24,Low
2069,Medicines,Antihistamine,8181,1365,15847,481.29,95,11,V004,CarePlus Distributors,429.25,86.11578947368422,Low
2070,IV & Emergency Supplies,Oxygen Mask,619,89,1195,537.4,179,2,V001,MedSupplies Inc.,513.25,3.458100558659218,Medium
2071,Surgical Supplies,Surgical Mask,4262,877,8640,24.25,205,9,V002,EquipMed Co.,24.99,20.790243902439023,Low
2072,IV & Emergency Supplies,Emergency Kit,4093,1249,6294,738.37,139,4,V001,MedSupplies Inc.,687.02,29.446043165467625,Low
2073,IV & Emergency Supplies,Cannula,395,110,894,791.73,24,4,V002,EquipMed Co.,663.36,16.458333333333332,Low
2074,Diagnostic Supplies,X-ray Film,363,40,659,219.8,70,9,V002,EquipMed Co.,209.14,5.185714285714286,High
2075,Medicines,Insulin,2600,406,4176,107.65,46,8,V001,MedSupplies Inc.,110.82,56.52173913043478,Low
2076,IV & Emergency Supplies,Cannula,289,53,565,553.49,121,5,V003,HealthTools Ltd.,550.03,2.3884297520661155,High
2077,IV & Emergency Supplies,IV Fluid,327,104,546,561.14,168,2,V005,PrimeMed Supply Chain,528.6,1.9464285714285714,High
2078,IV & Emergency Supplies,Oxygen Mask,275,30,494,390.76,187,4,V003,HealthTools Ltd.,402.85,1.4705882352941178,High
2079,Surgical Supplies,Surgical Gloves,4868,1175,6449,55.04,261,8,V003,HealthTools Ltd.,45.1,18.65134099616858,Low
2080,Equipment/Consumables,BP Monitor Cuff,254,79,573,15734.76,24,14,V004,CarePlus Distributors,13377.8,10.583333333333334,High
2081,IV & Emergency Supplies,Emergency Kit,1287,152,2812,257.19,85,3,V001,MedSupplies Inc.,241.33,15.141176470588235,Low
2082,Medicines,Insulin,26,3,40,404.47,8,11,V001,MedSupplies Inc.,375.11,3.25,High
2083,IV & Emergency Supplies,Defibrillator Pads,4414,1321,6587,699.94,152,4,V004,CarePlus Distributors,761.8,29.039473684210527,Low
2084,Diagnostic Supplies,X-ray Film,126,21,193,345.52,25,6,V001,MedSupplies Inc.,300.51,5.04,High
2085,Equipment/Consumables,Small Equipment,32,3,57,3651.4,5,3,V002,EquipMed Co.,2949.26,6.4,Low
2086,IV & Emergency Supplies,Emergency Kit,1234,210,1728,436.96,118,2,V005,PrimeMed Supply Chain,402.29,10.457627118644067,Low
2087,Medicines,Painkiller,5327,1175,9047,42.66,114,9,V002,EquipMed Co.,37.04,46.728070175438596,Low
2088,IV & Emergency Supplies,Cannula,2513,254,5646,523.7,115,3,V001,MedSupplies Inc.,479.72,21.85217391304348,Low
2089,Medicines,Antihistamine,208,60,273,406.56,18,13,V004,CarePlus Distributors,407.04,11.555555555555555,High
2090,Surgical Supplies,Surgical Gloves,475,144,577,81.7,30,3,V001,MedSupplies Inc.,78.93,15.833333333333334,Low
2091,Medicines,Insulin,229,75,503,459.39,57,3,V002,EquipMed Co.,495.07,4.017543859649122,Medium
2092,Equipment/Consumables,BP Monitor Cuff,765,163,996,13671.51,25,6,V001,MedSupplies Inc.,13271.19,30.6,Low
2093,Surgical Supplies,Surgical Mask,234,51,512,52.06,61,4,V002,EquipMed Co.,45.9,3.8360655737704916,High
2094,IV & Emergency Supplies,Oxygen Mask,242,64,422,760.64,125,2,V005,PrimeMed Supply Chain,731.99,1.936,High
2095,Equipment/Consumables,Small Equipment,110,33,263,15625.31,23,6,V004,CarePlus Distributors,13035.41,4.782608695652174,High
2096,Surgical Supplies,Surgical Gloves,613,202,754,87.09,85,9,V004,CarePlus Distributors,74.12,7.211764705882353,High
2097,Medicines,Antiviral,391,103,919,458.3,8,7,V003,HealthTools Ltd.,408.87,48.875,Low
2098,Medicines,Antihistamine,368,95,615,44.3,82,11,V002,EquipMed Co.,47.8,4.487804878048781,High
2099,IV & Emergency Supplies,Cannula,1097,127,1407,176.34,112,2,V002,EquipMed Co.,143.83,9.794642857142858,Low
2100,Diagnostic Supplies,Blood Collection Tube,165,23,256,529.16,5,17,V004,CarePlus Distributors,473.77,33.0,Medium
2101,IV & Emergency Supplies,Emergency Kit,142,35,307,428.54,17,4,V005,PrimeMed Supply Chain,378.78,8.352941176470589,Low
2102,IV & Emergency Supplies,Defibrillator Pads,73,15,115,791.87,36,6,V001,MedSupplies Inc.,772.08,2.0277777777777777,High
2103,Medicines,Antibiotic,987,334,2243,423.45,104,4,V002,EquipMed Co.,434.6,9.490384615384615,Low
2104,Equipment/Consumables,Small Equipment,355,56,552,15274.9,40,8,V005,PrimeMed Supply Chain,12378.0,8.875,Medium
2105,IV & Emergency Supplies,Oxygen Mask,413,140,778,385.12,97,6,V003,HealthTools Ltd.,308.38,4.257731958762887,High
2106,Medicines,Antiviral,6517,1455,12026,119.68,135,8,V003,HealthTools Ltd.,106.15,48.27407407407407,Low
2107,Medicines,Painkiller,385,101,865,305.68,13,5,V005,PrimeMed Supply Chain,308.01,29.615384615384617,Low
2108,Medicines,Painkiller,1449,278,2155,89.36,53,9,V001,MedSupplies Inc.,77.07,27.339622641509433,Low
2109,IV & Emergency Supplies,Oxygen Mask,93,9,212,328.93,37,4,V003,HealthTools Ltd.,310.16,2.5135135135135136,High
2110,Diagnostic Supplies,Reagent,205,32,435,450.48,62,8,V005,PrimeMed Supply Chain,377.39,3.306451612903226,High
2111,Equipment/Consumables,Thermometer,123,20,252,8888.21,22,11,V004,CarePlus Distributors,8504.46,5.590909090909091,High
2112,Surgical Supplies,Surgical Mask,2117,459,3351,59.08,116,8,V002,EquipMed Co.,57.02,18.25,Low
2113,Surgical Supplies,Surgical Gloves,1385,143,2920,65.14,389,7,V001,MedSupplies Inc.,56.29,3.5604113110539846,High
2114,IV & Emergency Supplies,Defibrillator Pads,542,138,669,368.93,59,4,V003,HealthTools Ltd.,362.98,9.186440677966102,Low
2115,Medicines,Insulin,315,55,478,113.28,17,10,V001,MedSupplies Inc.,97.81,18.529411764705884,Medium
2116,Diagnostic Supplies,X-ray Film,406,78,525,523.9,11,8,V001,MedSupplies Inc.,546.02,36.90909090909091,Low
2117,IV & Emergency Supplies,IV Fluid,127,22,157,642.91,79,3,V003,HealthTools Ltd.,550.48,1.6075949367088607,High
2118,Medicines,Painkiller,948,219,1909,31.5,89,5,V005,PrimeMed Supply Chain,31.35,10.651685393258427,Low
2119,IV & Emergency Supplies,IV Fluid,1371,303,3248,691.39,140,5,V003,HealthTools Ltd.,732.88,9.792857142857143,Medium
2120,Diagnostic Supplies,Test Kit,94,13,168,580.67,29,9,V002,EquipMed Co.,512.05,3.2413793103448274,High
2121,Medicines,Antiviral,246,63,313,236.87,19,7,V001,MedSupplies Inc.,210.0,12.947368421052632,Medium
2122,Equipment/Consumables,BP Monitor Cuff,443,78,745,17387.09,14,11,V003,HealthTools Ltd.,17850.56,31.642857142857142,Low
2123,Surgical Supplies,Syringes,448,84,654,47.36,317,3,V005,PrimeMed Supply Chain,41.05,1.413249211356467,High
2124,Equipment/Consumables,Small Equipment,75,15,121,15799.97,11,5,V002,EquipMed Co.,12654.34,6.818181818181818,Medium
2125,IV & Emergency Supplies,Defibrillator Pads,366,103,797,630.03,24,4,V003,HealthTools Ltd.,565.86,15.25,Low
2126,Equipment/Consumables,Ventilator Filter,452,135,695,16852.77,43,5,V005,PrimeMed Supply Chain,18519.66,10.511627906976743,Low
2127,Surgical Supplies,Surgical Mask,264,42,382,64.16,396,2,V005,PrimeMed Supply Chain,52.9,0.6666666666666666,High
2128,Diagnostic Supplies,Reagent,32,7,67,361.67,14,5,V003,HealthTools Ltd.,397.63,2.2857142857142856,High
2129,Equipment/Consumables,BP Monitor Cuff,420,53,916,9857.87,57,13,V001,MedSupplies Inc.,10475.77,7.368421052631579,High
2130,Diagnostic Supplies,X-ray Film,221,46,356,280.23,42,12,V002,EquipMed Co.,289.88,5.261904761904762,High
2131,Equipment/Consumables,Thermometer,291,77,441,168.72,6,11,V003,HealthTools Ltd.,160.41,48.5,Low
2132,Medicines,Antibiotic,3507,423,4394,69.64,140,6,V003,HealthTools Ltd.,60.51,25.05,Low
2133,Medicines,Antibiotic,234,51,298,445.96,51,3,V001,MedSupplies Inc.,404.37,4.588235294117647,Medium
2134,IV & Emergency Supplies,IV Fluid,1391,170,3090,521.06,182,6,V005,PrimeMed Supply Chain,538.8,7.642857142857143,Medium
2135,IV & Emergency Supplies,IV Fluid,518,171,1226,267.23,81,3,V001,MedSupplies Inc.,270.14,6.395061728395062,Low
2136,IV & Emergency Supplies,Defibrillator Pads,298,76,513,475.96,27,2,V002,EquipMed Co.,383.01,11.037037037037036,Low
2137,Surgical Supplies,Surgical Mask,973,263,1581,50.45,226,4,V005,PrimeMed Supply Chain,42.58,4.3053097345132745,Medium
2138,IV & Emergency Supplies,Emergency Kit,128,27,238,382.07,35,6,V002,EquipMed Co.,306.89,3.657142857142857,High
2139,IV & Emergency Supplies,Oxygen Mask,384,95,759,60.17,185,4,V005,PrimeMed Supply Chain,50.37,2.075675675675676,High
2140,Medicines,Antihistamine,1826,638,4352,56.01,131,8,V004,CarePlus Distributors,46.77,13.938931297709924,Medium
2141,Diagnostic Supplies,Test Kit,306,52,368,324.1,32,13,V004,CarePlus Distributors,299.0,9.5625,High
2142,Medicines,Antihistamine,417,96,578,285.57,71,11,V003,HealthTools Ltd.,291.34,5.873239436619718,High
2143,Surgical Supplies,Gauze,7581,1929,14282,4.45,181,7,V005,PrimeMed Supply Chain,3.73,41.88397790055249,Low
2144,IV & Emergency Supplies,IV Fluid,276,95,437,662.74,176,4,V005,PrimeMed Supply Chain,551.74,1.5681818181818181,High
2145,Surgical Supplies,Gauze,5168,567,7564,92.89,349,8,V003,HealthTools Ltd.,90.58,14.808022922636104,Medium
2146,IV & Emergency Supplies,Defibrillator Pads,1291,230,2587,115.74,69,4,V001,MedSupplies Inc.,118.4,18.71014492753623,Low
2147,Medicines,Antiviral,61,14,104,345.07,8,9,V005,PrimeMed Supply Chain,287.81,7.625,High
2148,Diagnostic Supplies,Reagent,2761,883,5875,169.21,60,8,V001,MedSupplies Inc.,135.37,46.016666666666666,Low
2149,Medicines,Antibiotic,726,233,1651,272.57,107,5,V002,EquipMed Co.,236.45,6.785046728971962,Medium
2150,Medicines,Antibiotic,184,37,298,443.9,113,4,V002,EquipMed Co.,446.76,1.6283185840707965,High
2151,Equipment/Consumables,Thermometer,177,47,273,4483.44,22,4,V003,HealthTools Ltd.,4242.08,8.045454545454545,Low
2152,Equipment/Consumables,Ventilator Filter,45,9,79,5844.12,6,14,V001,MedSupplies Inc.,5286.51,7.5,High
2153,Surgical Supplies,Surgical Gloves,2229,424,3976,16.64,102,3,V002,EquipMed Co.,16.04,21.852941176470587,Low
2154,Diagnostic Supplies,Reagent,2696,509,4938,339.9,43,8,V005,PrimeMed Supply Chain,286.6,62.69767441860465,Low
2155,Surgical Supplies,Surgical Gloves,2288,553,5093,81.9,239,6,V005,PrimeMed Supply Chain,87.78,9.573221757322175,Medium
2156,Surgical Supplies,Surgical Mask,7246,1387,9056,98.51,307,8,V002,EquipMed Co.,84.58,23.60260586319218,Low
2157,Surgical Supplies,Syringes,1238,246,2878,17.59,64,3,V002,EquipMed Co.,14.84,19.34375,Low
2158,Equipment/Consumables,Thermometer,217,41,461,14626.47,19,14,V002,EquipMed Co.,14789.48,11.421052631578947,High
2159,Equipment/Consumables,Ventilator Filter,1359,396,3147,18954.88,29,13,V003,HealthTools Ltd.,16318.65,46.86206896551724,Low
2160,Diagnostic Supplies,Blood Collection Tube,747,226,1337,450.33,37,7,V002,EquipMed Co.,365.73,20.18918918918919,Low
2161,Equipment/Consumables,Small Equipment,1252,194,2909,1446.95,57,13,V001,MedSupplies Inc.,1284.0,21.964912280701753,Medium
2162,Medicines,Antiviral,137,21,235,167.56,14,5,V002,EquipMed Co.,175.56,9.785714285714286,Medium
2163,Equipment/Consumables,BP Monitor Cuff,428,76,578,6118.33,31,8,V003,HealthTools Ltd.,6164.47,13.806451612903226,Medium
2164,Equipment/Consumables,Ventilator Filter,362,108,551,1083.67,57,11,V002,EquipMed Co.,916.35,6.350877192982456,High
2165,Equipment/Consumables,Small Equipment,54,15,93,8148.5,9,3,V003,HealthTools Ltd.,7635.71,6.0,Low
2166,Surgical Supplies,Gauze,3443,874,5277,58.44,325,6,V004,CarePlus Distributors,59.0,10.593846153846155,Medium
2167,Medicines,Painkiller,5544,1626,9840,382.81,116,7,V004,CarePlus Distributors,401.24,47.793103448275865,Low
2168,IV & Emergency Supplies,Oxygen Mask,2542,814,3066,597.06,175,3,V004,CarePlus Distributors,640.66,14.525714285714285,Low
2169,Equipment/Consumables,Small Equipment,455,74,858,3270.61,35,7,V004,CarePlus Distributors,2968.63,13.0,Medium
2170,Medicines,Antibiotic,428,127,773,275.55,110,6,V003,HealthTools Ltd.,247.19,3.890909090909091,High
2171,Diagnostic Supplies,Reagent,2200,737,2732,422.26,79,9,V004,CarePlus Distributors,415.22,27.848101265822784,Low
2172,Diagnostic Supplies,Test Kit,1860,599,2659,236.09,50,5,V005,PrimeMed Supply Chain,218.41,37.2,Low
2173,Equipment/Consumables,BP Monitor Cuff,1756,531,2735,10723.96,50,9,V003,HealthTools Ltd.,8619.59,35.12,Low
2174,Surgical Supplies,Sutures,2299,577,3094,92.31,169,3,V001,MedSupplies Inc.,92.61,13.603550295857989,Low
2175,Equipment/Consumables,Small Equipment,61,11,143,7204.99,22,3,V002,EquipMed Co.,6323.54,2.772727272727273,High
2176,IV & Emergency Supplies,Oxygen Mask,194,28,477,198.13,34,5,V001,MedSupplies Inc.,162.09,5.705882352941177,Medium
2177,Equipment/Consumables,Small Equipment,353,48,695,586.0,47,7,V002,EquipMed Co.,615.57,7.51063829787234,Medium
2178,Equipment/Consumables,Thermometer,21,5,51,7878.13,14,3,V005,PrimeMed Supply Chain,7859.87,1.5,High
2179,IV & Emergency Supplies,Defibrillator Pads,358,55,609,759.97,170,4,V002,EquipMed Co.,743.66,2.1058823529411765,High
2180,Diagnostic Supplies,Test Kit,1157,170,1454,450.04,28,13,V005,PrimeMed Supply Chain,361.93,41.32142857142857,Low
2181,Surgical Supplies,Syringes,696,128,1321,34.71,137,4,V004,CarePlus Distributors,37.91,5.08029197080292,Medium
2182,Surgical Supplies,Surgical Gloves,10743,1171,14802,57.75,249,8,V004,CarePlus Distributors,61.27,43.144578313253014,Low
2183,Diagnostic Supplies,Blood Collection Tube,2593,387,4523,326.15,63,18,V001,MedSupplies Inc.,332.86,41.15873015873016,Low
2184,Medicines,Antihistamine,3447,407,7621,436.87,77,11,V003,HealthTools Ltd.,473.36,44.76623376623377,Low
2185,Equipment/Consumables,Thermometer,1679,234,3081,8087.29,56,5,V005,PrimeMed Supply Chain,8863.1,29.982142857142858,Low
2186,Equipment/Consumables,Thermometer,139,30,321,3147.91,32,5,V002,EquipMed Co.,3032.82,4.34375,High
2187,Surgical Supplies,Sutures,5868,1296,8673,25.87,206,6,V002,EquipMed Co.,26.76,28.485436893203882,Low
2188,Medicines,Painkiller,1407,437,2125,245.23,94,8,V003,HealthTools Ltd.,218.6,14.96808510638298,Medium
2189,Equipment/Consumables,Thermometer,2241,395,3898,11013.57,57,9,V002,EquipMed Co.,11011.93,39.31578947368421,Low
2190,Surgical Supplies,Syringes,2160,592,2890,17.01,194,7,V005,PrimeMed Supply Chain,16.67,11.1340206185567,Medium
2191,Medicines,Antibiotic,452,87,873,244.59,14,13,V001,MedSupplies Inc.,213.29,32.285714285714285,Low
2192,Medicines,Painkiller,128,41,253,377.88,11,5,V004,CarePlus Distributors,385.65,11.636363636363637,Low
2193,Equipment/Consumables,BP Monitor Cuff,162,24,232,3035.0,3,7,V004,CarePlus Distributors,3097.09,54.0,Low
2194,Diagnostic Supplies,Blood Collection Tube,1084,377,1337,297.87,20,11,V001,MedSupplies Inc.,307.5,54.2,Low
2195,Medicines,Painkiller,1992,545,4042,185.73,139,11,V003,HealthTools Ltd.,156.87,14.33093525179856,Medium
2196,Surgical Supplies,Syringes,1519,525,2539,38.12,89,7,V004,CarePlus Distributors,36.81,17.06741573033708,Low
2197,Diagnostic Supplies,Blood Collection Tube,3641,657,7907,428.82,68,16,V005,PrimeMed Supply Chain,386.96,53.544117647058826,Low
2198,Diagnostic Supplies,Blood Collection Tube,1552,244,3417,493.1,21,13,V001,MedSupplies Inc.,515.51,73.9047619047619,Low
2199,Equipment/Consumables,Small Equipment,103,29,188,6388.93,4,12,V005,PrimeMed Supply Chain,6153.1,25.75,Low
2200,Surgical Supplies,Surgical Mask,12285,2382,24126,6.84,265,7,V005,PrimeMed Supply Chain,7.18,46.35849056603774,Low
2201,IV & Emergency Supplies,Oxygen Mask,1942,269,2419,506.14,51,6,V003,HealthTools Ltd.,491.78,38.07843137254902,Low
2202,IV & Emergency Supplies,Oxygen Mask,832,201,1153,163.65,158,3,V001,MedSupplies Inc.,151.29,5.265822784810126,Medium
2203,Surgical Supplies,Gauze,2159,693,3816,48.6,294,8,V005,PrimeMed Supply Chain,39.1,7.343537414965986,High
2204,IV & Emergency Supplies,Oxygen Mask,69,19,140,775.78,91,2,V004,CarePlus Distributors,635.8,0.7582417582417582,High
2205,Surgical Supplies,Surgical Gloves,1761,577,2315,21.09,130,5,V004,CarePlus Distributors,18.39,13.546153846153846,Low
2206,Medicines,Painkiller,2475,721,4815,10.5,135,8,V003,HealthTools Ltd.,8.82,18.333333333333332,Low
2207,Medicines,Insulin,146,50,201,386.43,39,7,V004,CarePlus Distributors,348.69,3.7435897435897436,High
2208,Surgical Supplies,Surgical Mask,1313,212,1576,7.1,119,5,V002,EquipMed Co.,7.02,11.033613445378151,Low
2209,Medicines,Antihistamine,337,106,818,292.54,51,9,V005,PrimeMed Supply Chain,258.3,6.607843137254902,High
2210,Equipment/Consumables,Small Equipment,3754,1189,7276,3496.41,57,12,V003,HealthTools Ltd.,2941.21,65.85964912280701,Low
2211,IV & Emergency Supplies,IV Fluid,1719,550,2891,737.16,150,5,V004,CarePlus Distributors,598.12,11.46,Low
2212,Diagnostic Supplies,X-ray Film,134,15,316,534.07,15,5,V004,CarePlus Distributors,510.91,8.933333333333334,Medium
2213,Medicines,Antiviral,888,298,2106,308.96,43,11,V003,HealthTools Ltd.,329.3,20.651162790697676,Medium
2214,Diagnostic Supplies,Reagent,4154,921,7500,333.3,66,14,V005,PrimeMed Supply Chain,334.2,62.93939393939394,Low
2215,Equipment/Consumables,Ventilator Filter,180,32,310,16025.94,51,5,V004,CarePlus Distributors,13042.12,3.5294117647058822,High
2216,Diagnostic Supplies,Reagent,1443,468,3184,40.64,40,13,V002,EquipMed Co.,38.33,36.075,Low
2217,Medicines,Antihistamine,1395,427,2617,285.27,95,6,V001,MedSupplies Inc.,246.51,14.68421052631579,Low
2218,Medicines,Insulin,1093,346,2472,251.8,68,6,V001,MedSupplies Inc.,269.99,16.073529411764707,Low
2219,IV & Emergency Supplies,Emergency Kit,1937,408,4019,45.98,174,2,V004,CarePlus Distributors,48.06,11.132183908045977,Low
2220,IV & Emergency Supplies,Emergency Kit,908,311,1248,447.03,58,2,V004,CarePlus Distributors,431.81,15.655172413793103,Low
2221,Surgical Supplies,Surgical Gloves,1555,507,2628,35.7,289,4,V004,CarePlus Distributors,29.05,5.380622837370242,Medium
2222,Equipment/Consumables,Ventilator Filter,86,10,159,15099.75,30,9,V001,MedSupplies Inc.,15106.76,2.8666666666666667,High
2223,Surgical Supplies,Gauze,987,108,2090,86.26,239,7,V004,CarePlus Distributors,83.43,4.129707112970712,High
2224,Medicines,Painkiller,147,43,313,123.93,8,11,V001,MedSupplies Inc.,130.04,18.375,Medium
2225,Diagnostic Supplies,Blood Collection Tube,520,178,924,104.17,39,10,V004,CarePlus Distributors,98.32,13.333333333333334,Medium
2226,Medicines,Antiviral,745,151,1635,274.64,106,8,V005,PrimeMed Supply Chain,241.81,7.028301886792453,High
2227,Medicines,Antiviral,181,40,316,137.35,55,3,V001,MedSupplies Inc.,134.34,3.290909090909091,Medium
2228,IV & Emergency Supplies,Emergency Kit,2202,545,2812,157.23,72,4,V002,EquipMed Co.,135.05,30.583333333333332,Low
2229,Medicines,Painkiller,6792,1600,12930,332.27,134,12,V001,MedSupplies Inc.,292.41,50.6865671641791,Low
2230,Medicines,Antibiotic,3169,649,6603,317.3,52,8,V004,CarePlus Distributors,295.77,60.94230769230769,Low
2231,Surgical Supplies,Gauze,261,52,398,34.73,34,8,V004,CarePlus Distributors,37.35,7.676470588235294,High
2232,Medicines,Antihistamine,2553,503,3834,409.25,106,4,V003,HealthTools Ltd.,444.31,24.08490566037736,Low
2233,Medicines,Painkiller,248,38,464,294.48,5,13,V003,HealthTools Ltd.,244.98,49.6,Low
2234,Medicines,Insulin,515,82,756,237.01,54,4,V005,PrimeMed Supply Chain,209.57,9.537037037037036,Low
2235,Medicines,Antibiotic,223,74,280,52.95,20,6,V003,HealthTools Ltd.,44.94,11.15,Medium
2236,IV & Emergency Supplies,Oxygen Mask,1732,514,2363,266.49,191,4,V003,HealthTools Ltd.,223.25,9.06806282722513,Low
2237,Surgical Supplies,Surgical Mask,98,11,209,49.41,61,5,V003,HealthTools Ltd.,44.31,1.6065573770491803,High
2238,Equipment/Consumables,Thermometer,1064,267,2568,19321.42,53,8,V002,EquipMed Co.,15629.02,20.07547169811321,Low
2239,Equipment/Consumables,Thermometer,329,91,504,14652.36,26,6,V001,MedSupplies Inc.,13706.69,12.653846153846153,Low
2240,Medicines,Antihistamine,1566,384,3077,416.57,81,9,V005,PrimeMed Supply Chain,378.78,19.333333333333332,Low
2241,Surgical Supplies,Gauze,1511,189,2952,68.19,55,4,V001,MedSupplies Inc.,61.85,27.472727272727273,Low
2242,Medicines,Antiviral,418,88,739,32.35,27,3,V001,MedSupplies Inc.,28.91,15.481481481481481,Low
2243,Diagnostic Supplies,X-ray Film,4996,1225,9134,279.88,59,15,V004,CarePlus Distributors,264.67,84.67796610169492,Low
2244,Surgical Supplies,Sutures,4862,861,7909,43.03,361,6,V002,EquipMed Co.,45.65,13.46814404432133,Low
2245,Medicines,Painkiller,2348,419,5067,244.18,29,12,V004,CarePlus Distributors,235.02,80.96551724137932,Low
2246,Medicines,Antibiotic,2752,458,3426,290.86,109,6,V004,CarePlus Distributors,315.42,25.24770642201835,Low
2247,Diagnostic Supplies,Test Kit,258,64,518,224.53,63,11,V002,EquipMed Co.,193.13,4.095238095238095,High
2248,IV & Emergency Supplies,Cannula,1501,352,3458,314.44,123,6,V002,EquipMed Co.,315.31,12.203252032520325,Low
2249,Surgical Supplies,Sutures,2309,485,3523,65.21,385,9,V001,MedSupplies Inc.,61.79,5.997402597402598,High
2250,Surgical Supplies,Gauze,646,217,1405,51.91,22,7,V004,CarePlus Distributors,44.57,29.363636363636363,Low
2251,Medicines,Antibiotic,2966,468,6836,53.07,58,8,V002,EquipMed Co.,56.33,51.13793103448276,Low
2252,Diagnostic Supplies,X-ray Film,2008,297,2873,471.69,25,13,V003,HealthTools Ltd.,443.89,80.32,Low
2253,Surgical Supplies,Syringes,1148,136,2050,43.54,125,4,V005,PrimeMed Supply Chain,37.62,9.184,Low
2254,IV & Emergency Supplies,Cannula,1233,250,3022,696.3,55,4,V004,CarePlus Distributors,730.42,22.418181818181818,Low
2255,Equipment/Consumables,Small Equipment,346,112,441,4857.67,9,7,V001,MedSupplies Inc.,4614.96,38.44444444444444,Low
2256,Surgical Supplies,Surgical Gloves,220,48,477,74.76,195,3,V001,MedSupplies Inc.,61.03,1.1282051282051282,High
2257,Medicines,Painkiller,455,129,578,38.86,87,12,V002,EquipMed Co.,34.12,5.2298850574712645,High
2258,Equipment/Consumables,BP Monitor Cuff,461,46,1133,9351.6,41,6,V004,CarePlus Distributors,8561.34,11.24390243902439,Medium
2259,Diagnostic Supplies,Reagent,257,42,530,112.04,22,6,V001,MedSupplies Inc.,104.73,11.681818181818182,Medium
2260,IV & Emergency Supplies,IV Fluid,481,59,631,739.21,92,4,V002,EquipMed Co.,698.06,5.228260869565218,Medium
2261,Surgical Supplies,Gauze,696,172,1079,53.58,140,9,V005,PrimeMed Supply Chain,44.99,4.9714285714285715,High
2262,Medicines,Painkiller,677,172,1413,256.3,140,5,V003,HealthTools Ltd.,274.64,4.835714285714285,High
2263,Equipment/Consumables,Thermometer,373,60,462,19828.65,4,12,V001,MedSupplies Inc.,19314.48,93.25,Low
2264,IV & Emergency Supplies,Cannula,114,35,168,419.73,145,2,V005,PrimeMed Supply Chain,378.44,0.7862068965517242,High
2265,Medicines,Antiviral,852,144,1654,414.57,21,8,V001,MedSupplies Inc.,401.16,40.57142857142857,Low
2266,Surgical Supplies,Surgical Gloves,5885,646,8812,85.13,118,7,V005,PrimeMed Supply Chain,76.54,49.8728813559322,Low
2267,Medicines,Antiviral,135,43,289,54.7,112,4,V002,EquipMed Co.,59.67,1.2053571428571428,High
2268,Equipment/Consumables,Small Equipment,283,81,668,19888.79,42,3,V002,EquipMed Co.,19344.0,6.738095238095238,Low
2269,IV & Emergency Supplies,Cannula,231,32,539,232.39,48,5,V003,HealthTools Ltd.,200.7,4.8125,High
2270,Medicines,Antibiotic,718,249,1443,173.83,111,4,V001,MedSupplies Inc.,184.55,6.468468468468468,Medium
2271,Equipment/Consumables,Thermometer,272,51,365,6919.48,31,6,V005,PrimeMed Supply Chain,6809.64,8.774193548387096,Medium
2272,Diagnostic Supplies,Blood Collection Tube,4551,1549,9703,400.37,56,12,V004,CarePlus Distributors,334.69,81.26785714285714,Low
2273,Diagnostic Supplies,X-ray Film,310,57,756,99.88,9,12,V005,PrimeMed Supply Chain,80.88,34.44444444444444,Low
2274,Surgical Supplies,Syringes,502,52,922,46.65,41,3,V002,EquipMed Co.,41.72,12.24390243902439,Low
2275,IV & Emergency Supplies,Oxygen Mask,215,74,429,217.91,114,6,V005,PrimeMed Supply Chain,226.4,1.8859649122807018,High
2276,Equipment/Consumables,Small Equipment,259,45,433,4163.33,44,11,V003,HealthTools Ltd.,3811.67,5.886363636363637,High
2277,Equipment/Consumables,BP Monitor Cuff,1901,577,4181,19545.88,24,12,V003,HealthTools Ltd.,18436.17,79.20833333333333,Low
2278,Diagnostic Supplies,Reagent,294,66,515,466.81,28,14,V005,PrimeMed Supply Chain,461.68,10.5,High
2279,IV & Emergency Supplies,IV Fluid,54,16,132,517.91,35,2,V001,MedSupplies Inc.,549.12,1.542857142857143,High
2280,Medicines,Insulin,553,111,990,58.96,50,6,V004,CarePlus Distributors,58.38,11.06,Medium
2281,Diagnostic Supplies,Reagent,62,10,95,358.28,23,5,V004,CarePlus Distributors,297.78,2.6956521739130435,High
2282,IV & Emergency Supplies,Defibrillator Pads,1862,255,2314,453.62,171,5,V005,PrimeMed Supply Chain,400.9,10.88888888888889,Low
2283,IV & Emergency Supplies,Defibrillator Pads,3344,893,6427,163.86,166,4,V004,CarePlus Distributors,162.52,20.14457831325301,Low
2284,Surgical Supplies,Surgical Gloves,1334,354,2892,23.44,80,8,V001,MedSupplies Inc.,18.88,16.675,Low
2285,Surgical Supplies,Gauze,1374,149,3229,59.62,215,7,V002,EquipMed Co.,52.26,6.390697674418605,High
2286,Surgical Supplies,Gauze,457,103,1032,70.13,29,7,V003,HealthTools Ltd.,68.13,15.758620689655173,Low
2287,Equipment/Consumables,Thermometer,67,12,145,13514.68,24,6,V003,HealthTools Ltd.,12235.1,2.7916666666666665,High
2288,Diagnostic Supplies,Test Kit,92,14,212,237.8,6,8,V001,MedSupplies Inc.,211.03,15.333333333333334,Medium
2289,Equipment/Consumables,BP Monitor Cuff,56,17,99,4382.53,21,3,V001,MedSupplies Inc.,4109.85,2.6666666666666665,High
2290,IV & Emergency Supplies,Oxygen Mask,1005,204,2154,201.93,156,6,V003,HealthTools Ltd.,207.48,6.4423076923076925,Medium
2291,Surgical Supplies,Surgical Gloves,12514,1784,25501,78.07,217,9,V001,MedSupplies Inc.,79.88,57.66820276497696,Low
2292,IV & Emergency Supplies,Defibrillator Pads,99,23,192,483.3,45,6,V003,HealthTools Ltd.,396.64,2.2,High
2293,Medicines,Antihistamine,5944,1016,14554,481.3,100,8,V001,MedSupplies Inc.,393.94,59.44,Low
2294,Medicines,Painkiller,215,30,513,221.57,22,9,V003,HealthTools Ltd.,233.35,9.772727272727273,Medium
2295,Medicines,Painkiller,347,86,436,135.05,46,8,V003,HealthTools Ltd.,109.73,7.543478260869565,High
2296,Medicines,Antihistamine,334,36,524,402.75,94,3,V002,EquipMed Co.,409.77,3.5531914893617023,Medium
2297,Surgical Supplies,Surgical Gloves,185,22,426,13.47,35,9,V003,HealthTools Ltd.,13.06,5.285714285714286,High
2298,Diagnostic Supplies,X-ray Film,433,115,701,47.46,45,5,V005,PrimeMed Supply Chain,48.08,9.622222222222222,Medium
2299,Equipment/Consumables,Small Equipment,506,148,1263,19289.86,37,7,V005,PrimeMed Supply Chain,21129.43,13.675675675675675,Medium
2300,Diagnostic Supplies,X-ray Film,908,284,1429,378.48,24,5,V002,EquipMed Co.,380.0,37.833333333333336,Low
2301,Diagnostic Supplies,Test Kit,228,38,386,384.86,21,12,V005,PrimeMed Supply Chain,362.79,10.857142857142858,High
2302,Equipment/Consumables,BP Monitor Cuff,1349,253,2658,9182.19,28,12,V003,HealthTools Ltd.,9091.49,48.17857142857143,Low
2303,Medicines,Insulin,4299,892,6057,93.46,51,13,V003,HealthTools Ltd.,99.87,84.29411764705883,Low
2304,Medicines,Antiviral,476,93,752,47.0,27,5,V003,HealthTools Ltd.,50.6,17.62962962962963,Low
2305,Medicines,Antiviral,1495,261,2137,46.88,49,6,V001,MedSupplies Inc.,38.66,30.510204081632654,Low
2306,Equipment/Consumables,Small Equipment,47,15,77,9937.75,19,4,V003,HealthTools Ltd.,9100.89,2.473684210526316,High
2307,IV & Emergency Supplies,Emergency Kit,752,252,1682,229.37,87,4,V005,PrimeMed Supply Chain,194.46,8.64367816091954,Low
2308,Medicines,Antiviral,77,9,102,237.57,17,9,V004,CarePlus Distributors,205.13,4.529411764705882,High
2309,Surgical Supplies,Surgical Mask,1298,435,3003,23.31,301,6,V005,PrimeMed Supply Chain,21.94,4.312292358803987,High
2310,Surgical Supplies,Sutures,523,143,1280,85.66,37,6,V004,CarePlus Distributors,74.27,14.135135135135135,Low
2311,Medicines,Antihistamine,1286,214,1886,289.97,136,8,V004,CarePlus Distributors,259.95,9.455882352941176,Medium
2312,Diagnostic Supplies,Reagent,458,113,947,92.13,51,19,V001,MedSupplies Inc.,90.61,8.980392156862745,High
2313,Equipment/Consumables,Small Equipment,84,21,157,12705.21,47,6,V001,MedSupplies Inc.,12050.02,1.7872340425531914,High
2314,IV & Emergency Supplies,Defibrillator Pads,585,126,809,488.73,91,3,V004,CarePlus Distributors,523.21,6.428571428571429,Low
2315,Medicines,Insulin,1494,417,1854,244.62,83,3,V001,MedSupplies Inc.,232.49,18.0,Low
2316,Diagnostic Supplies,Test Kit,726,193,1064,419.77,76,12,V003,HealthTools Ltd.,444.3,9.552631578947368,High
2317,Surgical Supplies,Gauze,852,289,1342,80.07,305,2,V005,PrimeMed Supply Chain,71.03,2.7934426229508196,Medium
2318,IV & Emergency Supplies,Cannula,97,23,151,757.64,86,3,V003,HealthTools Ltd.,672.9,1.127906976744186,High
2319,Medicines,Insulin,2992,772,5082,226.56,96,8,V004,CarePlus Distributors,244.48,31.166666666666668,Low
2320,IV & Emergency Supplies,Defibrillator Pads,1509,179,2727,63.56,190,6,V003,HealthTools Ltd.,53.98,7.942105263157894,Medium
2321,Surgical Supplies,Syringes,528,152,750,59.78,192,9,V003,HealthTools Ltd.,54.36,2.75,High
2322,Diagnostic Supplies,X-ray Film,483,49,1053,101.81,37,11,V002,EquipMed Co.,86.16,13.054054054054054,Medium
2323,Diagnostic Supplies,Reagent,709,99,1721,292.69,53,13,V003,HealthTools Ltd.,304.72,13.377358490566039,Medium
2324,Surgical Supplies,Sutures,2415,330,4196,29.8,385,6,V002,EquipMed Co.,25.71,6.2727272727272725,Medium
2325,Equipment/Consumables,Ventilator Filter,7,1,12,15536.5,2,9,V003,HealthTools Ltd.,14956.93,3.5,High
2326,Surgical Supplies,Syringes,2153,408,4639,3.74,178,8,V005,PrimeMed Supply Chain,3.7,12.095505617977528,Medium
2327,Equipment/Consumables,Small Equipment,824,126,2034,863.15,31,9,V002,EquipMed Co.,842.86,26.580645161290324,Low
2328,Diagnostic Supplies,Test Kit,799,188,1440,102.39,77,6,V002,EquipMed Co.,89.02,10.376623376623376,Medium
2329,Surgical Supplies,Surgical Gloves,1396,165,2534,37.47,342,6,V004,CarePlus Distributors,30.2,4.081871345029239,High
2330,Surgical Supplies,Surgical Gloves,1052,229,1939,73.65,96,3,V002,EquipMed Co.,62.53,10.958333333333334,Low
2331,Diagnostic Supplies,Test Kit,302,68,698,157.18,28,8,V004,CarePlus Distributors,165.04,10.785714285714286,Medium
2332,IV & Emergency Supplies,Emergency Kit,1609,429,3898,142.8,186,5,V003,HealthTools Ltd.,156.32,8.650537634408602,Medium
2333,Diagnostic Supplies,Reagent,676,127,1535,560.46,33,12,V002,EquipMed Co.,562.56,20.484848484848484,Medium
2334,IV & Emergency Supplies,Oxygen Mask,1711,351,3128,250.96,105,3,V005,PrimeMed Supply Chain,225.3,16.295238095238094,Low
2335,Surgical Supplies,Syringes,4231,916,7492,57.93,125,7,V005,PrimeMed Supply Chain,61.09,33.848,Low
2336,Surgical Supplies,Sutures,12338,3978,20056,3.78,200,9,V005,PrimeMed Supply Chain,3.45,61.69,Low
2337,IV & Emergency Supplies,Emergency Kit,833,114,1824,220.68,57,6,V005,PrimeMed Supply Chain,226.34,14.614035087719298,Low
2338,Diagnostic Supplies,Test Kit,356,77,672,416.01,29,15,V001,MedSupplies Inc.,332.84,12.275862068965518,High
2339,Equipment/Consumables,BP Monitor Cuff,350,43,696,14876.36,58,9,V001,MedSupplies Inc.,13190.66,6.0344827586206895,High
2340,Equipment/Consumables,BP Monitor Cuff,156,47,330,14712.53,50,5,V005,PrimeMed Supply Chain,13016.08,3.12,High
2341,Surgical Supplies,Sutures,2033,456,3920,99.43,263,7,V001,MedSupplies Inc.,89.25,7.730038022813688,Medium
2342,Equipment/Consumables,BP Monitor Cuff,176,47,211,14826.17,6,9,V003,HealthTools Ltd.,15261.35,29.333333333333332,Low
2343,Surgical Supplies,Gauze,5414,1117,7187,4.1,198,8,V004,CarePlus Distributors,3.86,27.343434343434343,Low
2344,Surgical Supplies,Sutures,767,164,1565,88.69,284,2,V003,HealthTools Ltd.,76.54,2.7007042253521125,Medium
2345,Medicines,Antiviral,2360,645,3630,50.61,99,10,V001,MedSupplies Inc.,51.98,23.838383838383837,Low
2346,IV & Emergency Supplies,Cannula,958,108,1715,374.16,177,3,V005,PrimeMed Supply Chain,405.66,5.4124293785310735,Medium
2347,Surgical Supplies,Surgical Gloves,7552,918,15907,86.59,390,3,V002,EquipMed Co.,76.62,19.364102564102563,Low
2348,Surgical Supplies,Surgical Mask,2160,261,3411,18.37,344,3,V005,PrimeMed Supply Chain,16.82,6.27906976744186,Low
2349,IV & Emergency Supplies,Emergency Kit,511,130,1138,308.27,56,6,V001,MedSupplies Inc.,314.96,9.125,Medium
2350,IV & Emergency Supplies,Oxygen Mask,1597,459,3897,116.82,135,6,V002,EquipMed Co.,95.1,11.829629629629629,Medium
2351,Surgical Supplies,Surgical Mask,1163,396,1974,55.05,383,5,V005,PrimeMed Supply Chain,52.72,3.0365535248041775,High
2352,IV & Emergency Supplies,Defibrillator Pads,466,137,728,34.22,101,3,V002,EquipMed Co.,32.61,4.6138613861386135,Medium
2353,IV & Emergency Supplies,Cannula,256,50,624,440.46,103,6,V004,CarePlus Distributors,399.2,2.4854368932038833,High
2354,IV & Emergency Supplies,Defibrillator Pads,341,58,825,79.51,106,2,V004,CarePlus Distributors,83.34,3.2169811320754715,Medium
2355,IV & Emergency Supplies,Emergency Kit,639,135,923,617.98,18,6,V002,EquipMed Co.,588.24,35.5,Low
2356,Equipment/Consumables,BP Monitor Cuff,262,75,507,17771.87,34,9,V004,CarePlus Distributors,16349.73,7.705882352941177,High
2357,Medicines,Insulin,83,23,110,401.44,8,12,V003,HealthTools Ltd.,434.14,10.375,High
2358,Equipment/Consumables,BP Monitor Cuff,17,2,35,334.74,3,5,V005,PrimeMed Supply Chain,347.5,5.666666666666667,Medium
2359,Diagnostic Supplies,Reagent,382,102,839,379.79,7,19,V001,MedSupplies Inc.,390.4,54.57142857142857,Low
2360,Surgical Supplies,Gauze,339,110,434,42.27,112,5,V005,PrimeMed Supply Chain,40.78,3.0267857142857144,High
2361,Equipment/Consumables,Thermometer,1446,263,2779,6063.85,46,5,V001,MedSupplies Inc.,4954.45,31.434782608695652,Low
2362,Equipment/Consumables,BP Monitor Cuff,194,32,267,12033.51,58,3,V004,CarePlus Distributors,13131.34,3.3448275862068964,Medium
2363,Equipment/Consumables,BP Monitor Cuff,313,101,596,3960.48,58,6,V003,HealthTools Ltd.,3673.99,5.396551724137931,High
2364,Equipment/Consumables,Ventilator Filter,135,16,212,12086.58,11,6,V005,PrimeMed Supply Chain,11434.07,12.272727272727273,Low
2365,Surgical Supplies,Surgical Mask,3439,464,6222,16.3,142,9,V005,PrimeMed Supply Chain,14.42,24.218309859154928,Low
2366,IV & Emergency Supplies,Cannula,521,94,954,364.89,77,5,V004,CarePlus Distributors,325.42,6.766233766233766,Medium
2367,Surgical Supplies,Surgical Gloves,3438,627,7872,23.17,92,9,V002,EquipMed Co.,20.99,37.369565217391305,Low
2368,Equipment/Consumables,BP Monitor Cuff,119,25,247,19496.51,36,10,V005,PrimeMed Supply Chain,19166.5,3.3055555555555554,High
2369,Surgical Supplies,Gauze,1392,325,3304,58.25,173,7,V004,CarePlus Distributors,48.03,8.046242774566474,Medium
2370,Diagnostic Supplies,Blood Collection Tube,201,29,362,553.05,26,7,V002,EquipMed Co.,594.87,7.730769230769231,Medium
2371,Surgical Supplies,Sutures,3130,1011,6136,95.81,383,2,V003,HealthTools Ltd.,90.44,8.172323759791123,Low
2372,Surgical Supplies,Syringes,1931,295,3904,37.16,237,5,V003,HealthTools Ltd.,33.8,8.147679324894515,Medium
2373,Equipment/Consumables,Small Equipment,676,146,1436,16023.71,8,13,V003,HealthTools Ltd.,13944.76,84.5,Low
2374,Diagnostic Supplies,Test Kit,1198,263,2105,494.24,59,16,V003,HealthTools Ltd.,479.08,20.305084745762713,Medium
2375,Equipment/Consumables,Small Equipment,71,24,102,10487.62,15,7,V005,PrimeMed Supply Chain,10878.35,4.733333333333333,High
2376,Surgical Supplies,Sutures,2840,976,3470,86.25,330,5,V004,CarePlus Distributors,93.28,8.606060606060606,Medium
2377,Equipment/Consumables,Ventilator Filter,717,151,1722,6011.45,17,11,V003,HealthTools Ltd.,4917.24,42.1764705882353,Low
2378,Equipment/Consumables,Thermometer,2308,789,3638,15894.5,52,7,V002,EquipMed Co.,14260.98,44.38461538461539,Low
2379,Medicines,Insulin,696,205,913,102.7,137,9,V005,PrimeMed Supply Chain,91.13,5.08029197080292,High
2380,Diagnostic Supplies,Reagent,364,53,687,339.32,62,13,V003,HealthTools Ltd.,297.11,5.870967741935484,High
2381,Surgical Supplies,Surgical Mask,261,86,475,77.07,66,6,V003,HealthTools Ltd.,67.47,3.9545454545454546,High
2382,Equipment/Consumables,Small Equipment,2591,843,4048,14361.72,59,12,V004,CarePlus Distributors,14428.81,43.91525423728814,Low
2383,Surgical Supplies,Surgical Mask,2582,771,4733,44.85,363,5,V005,PrimeMed Supply Chain,44.36,7.112947658402204,Medium
2384,IV & Emergency Supplies,IV Fluid,907,157,1891,85.29,142,2,V001,MedSupplies Inc.,93.71,6.387323943661972,Low
2385,Diagnostic Supplies,Blood Collection Tube,529,61,968,257.72,59,5,V001,MedSupplies Inc.,229.28,8.966101694915254,Medium
2386,Medicines,Antihistamine,1691,519,2815,168.0,128,9,V004,CarePlus Distributors,169.08,13.2109375,Medium
2387,Surgical Supplies,Surgical Mask,1754,394,2483,26.48,356,4,V001,MedSupplies Inc.,23.46,4.926966292134831,Medium
2388,Equipment/Consumables,Ventilator Filter,590,102,848,16715.77,21,9,V003,HealthTools Ltd.,16962.71,28.095238095238095,Low
2389,Equipment/Consumables,Small Equipment,1934,411,3781,1252.75,19,14,V002,EquipMed Co.,1359.98,101.78947368421052,Low
2390,IV & Emergency Supplies,Emergency Kit,281,86,356,555.37,147,6,V004,CarePlus Distributors,491.93,1.91156462585034,High
2391,Medicines,Antihistamine,4163,733,5811,29.74,78,8,V003,HealthTools Ltd.,25.87,53.37179487179487,Low
2392,Surgical Supplies,Gauze,2890,432,6874,10.65,347,5,V002,EquipMed Co.,8.71,8.328530259365994,Medium
2393,Medicines,Painkiller,2340,371,5393,70.44,122,10,V004,CarePlus Distributors,71.17,19.18032786885246,Medium
2394,IV & Emergency Supplies,Emergency Kit,2345,677,2973,747.28,94,6,V002,EquipMed Co.,737.16,24.9468085106383,Low
2395,Medicines,Painkiller,1591,305,2472,296.42,63,11,V004,CarePlus Distributors,245.27,25.253968253968253,Low
2396,IV & Emergency Supplies,Cannula,1183,268,2456,67.95,118,5,V001,MedSupplies Inc.,72.41,10.025423728813559,Low
2397,Diagnostic Supplies,X-ray Film,7956,2485,17728,442.26,60,17,V002,EquipMed Co.,396.35,132.6,Low
2398,IV & Emergency Supplies,Defibrillator Pads,1559,333,3745,437.37,100,2,V004,CarePlus Distributors,468.27,15.59,Low
2399,IV & Emergency Supplies,Cannula,20,6,45,355.83,17,2,V003,HealthTools Ltd.,388.61,1.1764705882352942,High
2400,IV & Emergency Supplies,Defibrillator Pads,3861,930,8332,363.45,133,4,V002,EquipMed Co.,293.42,29.030075187969924,Low
2401,Equipment/Consumables,Small Equipment,241,65,317,15134.42,42,12,V002,EquipMed Co.,12992.99,5.738095238095238,High
2402,Equipment/Consumables,Small Equipment,2472,278,4435,8785.5,55,12,V002,EquipMed Co.,9457.22,44.945454545454545,Low
2403,IV & Emergency Supplies,Cannula,438,55,970,306.42,127,4,V001,MedSupplies Inc.,268.4,3.4488188976377954,High
2404,IV & Emergency Supplies,IV Fluid,36,5,79,201.07,51,2,V003,HealthTools Ltd.,170.99,0.7058823529411765,High
2405,Equipment/Consumables,Thermometer,953,219,1983,13910.48,32,4,V003,HealthTools Ltd.,12653.69,29.78125,Low
2406,Surgical Supplies,Gauze,536,145,1271,28.39,67,5,V002,EquipMed Co.,26.33,8.0,Medium
2407,Diagnostic Supplies,Test Kit,1351,343,1659,38.87,57,6,V004,CarePlus Distributors,37.56,23.70175438596491,Low
2408,Diagnostic Supplies,Test Kit,1480,150,3205,273.77,30,7,V002,EquipMed Co.,289.18,49.333333333333336,Low
2409,Surgical Supplies,Gauze,2381,566,4220,90.09,271,2,V003,HealthTools Ltd.,92.43,8.785977859778598,Low
2410,Surgical Supplies,Gauze,976,160,1541,44.05,136,8,V003,HealthTools Ltd.,36.89,7.176470588235294,High
2411,IV & Emergency Supplies,IV Fluid,568,192,688,294.07,73,4,V003,HealthTools Ltd.,246.99,7.780821917808219,Medium
2412,IV & Emergency Supplies,IV Fluid,124,30,191,741.6,14,4,V001,MedSupplies Inc.,688.01,8.857142857142858,Low
2413,Surgical Supplies,Sutures,499,82,845,73.78,68,3,V002,EquipMed Co.,79.19,7.338235294117647,Low
2414,Surgical Supplies,Surgical Mask,594,167,1009,23.54,119,2,V005,PrimeMed Supply Chain,22.66,4.991596638655462,Low
2415,IV & Emergency Supplies,Defibrillator Pads,788,107,1960,709.48,86,3,V001,MedSupplies Inc.,677.58,9.162790697674419,Low
2416,Surgical Supplies,Syringes,125,22,199,66.57,154,2,V001,MedSupplies Inc.,63.59,0.8116883116883117,High
2417,IV & Emergency Supplies,Emergency Kit,172,23,265,74.94,16,3,V003,HealthTools Ltd.,78.77,10.75,Low
2418,IV & Emergency Supplies,Cannula,483,49,963,329.32,124,2,V005,PrimeMed Supply Chain,335.49,3.8951612903225805,Medium
2419,Medicines,Antibiotic,2000,236,2510,380.69,121,9,V005,PrimeMed Supply Chain,368.84,16.52892561983471,Medium
2420,Medicines,Antiviral,5535,822,12601,33.81,133,9,V001,MedSupplies Inc.,33.14,41.61654135338346,Low
2421,IV & Emergency Supplies,IV Fluid,1214,135,2536,614.73,79,3,V005,PrimeMed Supply Chain,574.87,15.367088607594937,Low
2422,Medicines,Antibiotic,10818,3399,21595,465.45,110,13,V004,CarePlus Distributors,403.05,98.34545454545454,Low
2423,IV & Emergency Supplies,IV Fluid,1051,123,1772,525.19,145,6,V004,CarePlus Distributors,430.89,7.248275862068965,Medium
2424,Surgical Supplies,Sutures,3537,438,6135,60.92,273,6,V001,MedSupplies Inc.,56.55,12.956043956043956,Low
2425,Surgical Supplies,Syringes,70,10,91,32.6,32,4,V003,HealthTools Ltd.,33.51,2.1875,High
2426,Medicines,Painkiller,1542,479,2939,404.9,130,11,V004,CarePlus Distributors,332.5,11.861538461538462,Medium
2427,IV & Emergency Supplies,Emergency Kit,900,140,1321,660.41,126,2,V001,MedSupplies Inc.,690.5,7.142857142857143,Low
2428,Medicines,Antiviral,2137,503,4341,464.72,139,9,V002,EquipMed Co.,405.57,15.37410071942446,Medium
2429,Equipment/Consumables,Small Equipment,60,9,117,2992.63,20,5,V005,PrimeMed Supply Chain,2421.22,3.0,High
2430,Diagnostic Supplies,Reagent,1056,230,1552,59.5,53,14,V001,MedSupplies Inc.,63.45,19.92452830188679,Medium
2431,Medicines,Antihistamine,645,74,929,224.43,51,9,V005,PrimeMed Supply Chain,181.89,12.647058823529411,Medium
2432,IV & Emergency Supplies,Defibrillator Pads,1434,468,2569,596.13,164,5,V002,EquipMed Co.,554.03,8.74390243902439,Medium
2433,IV & Emergency Supplies,Defibrillator Pads,5127,1694,8959,560.23,166,5,V005,PrimeMed Supply Chain,612.6,30.8855421686747,Low
2434,Surgical Supplies,Gauze,5897,2002,13292,82.75,280,6,V003,HealthTools Ltd.,88.55,21.060714285714287,Low
2435,IV & Emergency Supplies,IV Fluid,1145,399,1513,676.78,166,2,V001,MedSupplies Inc.,659.38,6.897590361445783,Low
2436,Diagnostic Supplies,Blood Collection Tube,1654,207,3031,459.95,45,17,V001,MedSupplies Inc.,497.49,36.75555555555555,Low
2437,Equipment/Consumables,Thermometer,2600,483,5484,10929.89,38,10,V003,HealthTools Ltd.,11330.64,68.42105263157895,Low
2438,Medicines,Antibiotic,2305,793,5153,328.71,39,9,V003,HealthTools Ltd.,309.86,59.1025641025641,Low
2439,Surgical Supplies,Syringes,21028,3543,47640,41.7,377,9,V004,CarePlus Distributors,39.72,55.777188328912466,Low
2440,Diagnostic Supplies,Blood Collection Tube,128,32,231,132.98,16,15,V005,PrimeMed Supply Chain,144.76,8.0,High
2441,Diagnostic Supplies,Blood Collection Tube,508,55,965,105.16,15,6,V002,EquipMed Co.,107.1,33.86666666666667,Low
2442,Diagnostic Supplies,Blood Collection Tube,904,97,1116,190.65,47,19,V002,EquipMed Co.,171.52,19.23404255319149,Medium
2443,Equipment/Consumables,Ventilator Filter,193,40,321,10315.47,40,4,V004,CarePlus Distributors,11129.85,4.825,Medium
2444,IV & Emergency Supplies,IV Fluid,767,255,1856,325.4,172,3,V005,PrimeMed Supply Chain,329.45,4.459302325581396,Medium
2445,Equipment/Consumables,BP Monitor Cuff,832,193,1764,2961.15,20,8,V003,HealthTools Ltd.,3184.21,41.6,Low
2446,Diagnostic Supplies,Blood Collection Tube,446,138,690,318.21,55,11,V002,EquipMed Co.,295.25,8.10909090909091,High
2447,IV & Emergency Supplies,Emergency Kit,348,52,652,352.49,60,5,V002,EquipMed Co.,343.62,5.8,Medium
2448,Diagnostic Supplies,Blood Collection Tube,390,45,792,161.84,65,8,V004,CarePlus Distributors,177.16,6.0,High
2449,Medicines,Antihistamine,995,332,2019,153.82,34,12,V004,CarePlus Distributors,142.79,29.264705882352942,Low
2450,Diagnostic Supplies,X-ray Film,208,68,510,441.25,22,17,V002,EquipMed Co.,372.59,9.454545454545455,High
2451,IV & Emergency Supplies,Emergency Kit,834,173,1533,595.64,104,2,V004,CarePlus Distributors,580.07,8.01923076923077,Low
2452,Equipment/Consumables,BP Monitor Cuff,15,3,36,703.6,7,4,V002,EquipMed Co.,575.65,2.142857142857143,High
2453,IV & Emergency Supplies,Defibrillator Pads,311,68,403,604.87,77,6,V005,PrimeMed Supply Chain,514.91,4.038961038961039,High
2454,Diagnostic Supplies,X-ray Film,1146,173,2505,395.64,15,18,V005,PrimeMed Supply Chain,342.61,76.4,Low
2455,Surgical Supplies,Surgical Gloves,646,68,1425,42.51,298,2,V005,PrimeMed Supply Chain,44.02,2.1677852348993287,Medium
2456,Surgical Supplies,Surgical Gloves,2641,728,5640,96.41,301,4,V004,CarePlus Distributors,105.52,8.774086378737541,Low
2457,Equipment/Consumables,BP Monitor Cuff,155,18,372,16772.69,13,12,V001,MedSupplies Inc.,13955.38,11.923076923076923,High
2458,IV & Emergency Supplies,Defibrillator Pads,110,36,254,746.05,37,5,V003,HealthTools Ltd.,677.19,2.972972972972973,High
2459,Medicines,Antihistamine,2746,453,3490,136.21,91,5,V003,HealthTools Ltd.,125.55,30.175824175824175,Low
2460,Equipment/Consumables,Thermometer,1097,161,1604,17956.88,38,4,V001,MedSupplies Inc.,16160.92,28.86842105263158,Low
2461,Equipment/Consumables,Thermometer,498,91,879,7788.86,36,8,V001,MedSupplies Inc.,7502.67,13.833333333333334,Medium
2462,Diagnostic Supplies,Blood Collection Tube,5940,1200,9722,126.13,52,16,V001,MedSupplies Inc.,131.2,114.23076923076923,Low
2463,Equipment/Consumables,Thermometer,1777,508,3816,11175.42,54,7,V003,HealthTools Ltd.,11282.93,32.907407407407405,Low
2464,IV & Emergency Supplies,Cannula,1149,399,1695,658.01,32,6,V001,MedSupplies Inc.,572.52,35.90625,Low
2465,Surgical Supplies,Surgical Gloves,2089,670,3823,31.54,252,7,V004,CarePlus Distributors,28.95,8.28968253968254,Medium
2466,Equipment/Consumables,BP Monitor Cuff,79,17,181,10883.02,30,4,V003,HealthTools Ltd.,9333.66,2.6333333333333333,High
2467,Medicines,Insulin,322,70,557,427.52,14,13,V001,MedSupplies Inc.,425.17,23.0,Medium
2468,IV & Emergency Supplies,Oxygen Mask,2358,490,2986,52.97,191,3,V005,PrimeMed Supply Chain,45.17,12.345549738219896,Low
2469,Diagnostic Supplies,Blood Collection Tube,1224,163,1635,550.44,18,13,V004,CarePlus Distributors,547.21,68.0,Low
2470,Diagnostic Supplies,Test Kit,873,257,1564,198.35,46,10,V003,HealthTools Ltd.,186.53,18.97826086956522,Medium
2471,Medicines,Antibiotic,1067,307,2097,249.33,36,12,V001,MedSupplies Inc.,243.25,29.63888888888889,Low
2472,Equipment/Consumables,Thermometer,228,58,395,11976.59,41,3,V004,CarePlus Distributors,9585.51,5.560975609756097,Medium
2473,IV & Emergency Supplies,Oxygen Mask,77,14,127,188.99,38,2,V001,MedSupplies Inc.,163.72,2.026315789473684,Medium
2474,Equipment/Consumables,Thermometer,289,42,650,3697.86,40,6,V002,EquipMed Co.,3203.56,7.225,Medium
2475,Surgical Supplies,Surgical Mask,3383,381,4390,41.62,149,4,V003,HealthTools Ltd.,36.82,22.70469798657718,Low
2476,Surgical Supplies,Syringes,3888,875,4966,20.18,350,8,V005,PrimeMed Supply Chain,19.84,11.108571428571429,Medium
2477,Surgical Supplies,Sutures,6716,720,15750,25.72,386,9,V003,HealthTools Ltd.,24.87,17.39896373056995,Medium
2478,Diagnostic Supplies,Reagent,5308,1100,10733,370.68,53,19,V002,EquipMed Co.,383.69,100.15094339622641,Low
2479,Diagnostic Supplies,Blood Collection Tube,156,37,243,359.05,74,6,V001,MedSupplies Inc.,298.46,2.108108108108108,High
2480,Diagnostic Supplies,Test Kit,1434,236,1999,494.63,16,18,V005,PrimeMed Supply Chain,419.59,89.625,Low
2481,Equipment/Consumables,Thermometer,225,51,290,15364.33,24,4,V003,HealthTools Ltd.,12981.4,9.375,Low
2482,Medicines,Painkiller,243,75,422,431.08,106,5,V004,CarePlus Distributors,382.96,2.292452830188679,High
2483,Surgical Supplies,Syringes,1577,292,2258,48.76,292,7,V001,MedSupplies Inc.,49.1,5.4006849315068495,High
2484,Medicines,Antibiotic,2601,594,6093,460.63,60,6,V003,HealthTools Ltd.,469.76,43.35,Low
2485,Diagnostic Supplies,Reagent,1090,141,1692,108.64,19,8,V003,HealthTools Ltd.,92.06,57.36842105263158,Low
2486,Surgical Supplies,Surgical Gloves,293,99,705,41.05,50,7,V002,EquipMed Co.,35.49,5.86,High
2487,Medicines,Painkiller,4947,798,7330,91.9,79,9,V005,PrimeMed Supply Chain,96.7,62.620253164556964,Low
2488,Diagnostic Supplies,Test Kit,55,17,119,287.69,15,10,V002,EquipMed Co.,295.97,3.6666666666666665,High
2489,Diagnostic Supplies,Test Kit,658,184,873,222.71,44,7,V004,CarePlus Distributors,191.13,14.954545454545455,Low
2490,Medicines,Painkiller,358,95,693,431.2,14,7,V001,MedSupplies Inc.,424.73,25.571428571428573,Low
2491,Medicines,Antihistamine,496,65,830,398.94,106,13,V001,MedSupplies Inc.,351.39,4.679245283018868,High
2492,Diagnostic Supplies,Blood Collection Tube,129,29,229,232.77,44,9,V002,EquipMed Co.,245.31,2.9318181818181817,High
2493,Surgical Supplies,Syringes,470,78,778,85.02,75,3,V004,CarePlus Distributors,86.01,6.266666666666667,Low
2494,Surgical Supplies,Sutures,725,80,1752,97.88,342,4,V002,EquipMed Co.,90.78,2.1198830409356724,High
2495,Equipment/Consumables,BP Monitor Cuff,1255,201,2028,16948.24,17,11,V002,EquipMed Co.,14239.15,73.82352941176471,Low
2496,Medicines,Antibiotic,1078,306,1725,339.42,78,12,V004,CarePlus Distributors,336.34,13.820512820512821,Medium
2497,Surgical Supplies,Surgical Gloves,8380,2564,15878,42.38,292,6,V001,MedSupplies Inc.,46.06,28.698630136986303,Low
2498,Medicines,Antiviral,4286,657,6823,349.98,145,12,V004,CarePlus Distributors,326.0,29.55862068965517,Low
2499,IV & Emergency Supplies,Cannula,20,5,44,133.36,24,2,V005,PrimeMed Supply Chain,115.9,0.8333333333333334,High
2500,IV & Emergency Supplies,Oxygen Mask,463,150,911,187.43,90,3,V003,HealthTools Ltd.,173.37,5.144444444444445,Medium
2501,Medicines,Antiviral,2401,811,5648,452.0,109,10,V001,MedSupplies Inc.,367.57,22.027522935779817,Low
2502,Diagnostic Supplies,Test Kit,262,36,543,579.79,39,10,V004,CarePlus Distributors,548.77,6.717948717948718,High
2503,IV & Emergency Supplies,Cannula,558,133,1043,17.86,152,6,V002,EquipMed Co.,18.32,3.6710526315789473,High
2504,IV & Emergency Supplies,Emergency Kit,3141,456,4152,323.65,199,3,V004,CarePlus Distributors,300.15,15.78391959798995,Low
2505,Equipment/Consumables,BP Monitor Cuff,978,282,2354,11530.55,26,6,V004,CarePlus Distributors,11794.29,37.61538461538461,Low
2506,Surgical Supplies,Sutures,1369,281,1892,88.27,203,7,V001,MedSupplies Inc.,94.78,6.74384236453202,High
2507,Surgical Supplies,Surgical Mask,137,17,271,13.91,39,2,V001,MedSupplies Inc.,13.18,3.5128205128205128,Medium
2508,Equipment/Consumables,Ventilator Filter,175,22,423,14493.42,25,3,V004,CarePlus Distributors,13344.18,7.0,Low
2509,Surgical Supplies,Surgical Gloves,20015,2845,32701,62.07,287,9,V004,CarePlus Distributors,58.91,69.73867595818815,Low
2510,Medicines,Antihistamine,7965,2627,14852,469.9,94,11,V001,MedSupplies Inc.,378.61,84.73404255319149,Low
2511,Diagnostic Supplies,Test Kit,698,231,1664,44.33,18,11,V004,CarePlus Distributors,48.54,38.77777777777778,Low
2512,Equipment/Consumables,BP Monitor Cuff,1116,384,1819,16497.61,42,11,V001,MedSupplies Inc.,16778.55,26.571428571428573,Low
2513,Diagnostic Supplies,Blood Collection Tube,1226,418,2286,223.03,63,12,V003,HealthTools Ltd.,225.79,19.46031746031746,Medium
2514,Surgical Supplies,Surgical Gloves,210,71,485,12.89,165,3,V003,HealthTools Ltd.,11.93,1.2727272727272727,High
2515,Diagnostic Supplies,Test Kit,3059,506,3720,560.36,70,16,V002,EquipMed Co.,535.0,43.7,Low
2516,IV & Emergency Supplies,IV Fluid,1928,330,4006,464.21,180,5,V002,EquipMed Co.,447.35,10.71111111111111,Low
2517,Equipment/Consumables,BP Monitor Cuff,1952,589,3833,2904.43,25,12,V004,CarePlus Distributors,2654.15,78.08,Low
2518,Surgical Supplies,Sutures,6114,1331,7391,69.24,395,7,V003,HealthTools Ltd.,65.6,15.478481012658229,Low
2519,Surgical Supplies,Gauze,955,126,1437,74.11,228,3,V004,CarePlus Distributors,61.38,4.18859649122807,Medium
2520,IV & Emergency Supplies,Oxygen Mask,623,102,886,546.48,40,3,V004,CarePlus Distributors,555.41,15.575,Low
2521,Surgical Supplies,Gauze,1792,547,3490,54.49,297,3,V002,EquipMed Co.,45.93,6.033670033670034,Low
2522,Surgical Supplies,Surgical Mask,1812,535,3887,63.35,319,7,V003,HealthTools Ltd.,61.69,5.6802507836990594,High
2523,IV & Emergency Supplies,IV Fluid,2297,522,3413,353.21,90,4,V005,PrimeMed Supply Chain,335.9,25.522222222222222,Low
2524,IV & Emergency Supplies,IV Fluid,381,109,677,398.41,141,5,V005,PrimeMed Supply Chain,416.79,2.702127659574468,High
2525,Diagnostic Supplies,Test Kit,1342,227,2427,235.74,64,16,V001,MedSupplies Inc.,216.53,20.96875,Medium
2526,IV & Emergency Supplies,IV Fluid,333,115,825,716.37,127,5,V001,MedSupplies Inc.,591.73,2.622047244094488,High
2527,Surgical Supplies,Surgical Gloves,4963,1441,7223,65.53,324,9,V004,CarePlus Distributors,56.94,15.317901234567902,Medium
2528,Equipment/Consumables,Small Equipment,401,129,755,16462.59,42,4,V001,MedSupplies Inc.,16807.12,9.547619047619047,Low
2529,Equipment/Consumables,Small Equipment,159,38,206,1476.84,27,3,V004,CarePlus Distributors,1503.97,5.888888888888889,Medium
2530,IV & Emergency Supplies,IV Fluid,741,109,1373,164.08,89,2,V001,MedSupplies Inc.,168.79,8.325842696629213,Low
2531,Diagnostic Supplies,Reagent,869,168,1350,38.88,23,5,V002,EquipMed Co.,36.42,37.78260869565217,Low
2532,Surgical Supplies,Gauze,91,17,221,96.67,25,8,V005,PrimeMed Supply Chain,84.48,3.64,High
2533,Surgical Supplies,Gauze,343,90,628,99.33,21,6,V002,EquipMed Co.,91.3,16.333333333333332,Low
2534,Equipment/Consumables,Ventilator Filter,1008,331,1687,1320.15,41,11,V001,MedSupplies Inc.,1125.76,24.585365853658537,Low
2535,Diagnostic Supplies,Blood Collection Tube,320,104,646,56.76,5,12,V002,EquipMed Co.,57.39,64.0,Low
2536,Diagnostic Supplies,Test Kit,52,12,97,566.38,7,10,V004,CarePlus Distributors,500.77,7.428571428571429,High
2537,IV & Emergency Supplies,Oxygen Mask,84,15,178,174.75,20,2,V005,PrimeMed Supply Chain,185.41,4.2,Low
2538,Diagnostic Supplies,Blood Collection Tube,260,43,553,161.94,37,14,V005,PrimeMed Supply Chain,163.43,7.027027027027027,High
2539,Equipment/Consumables,Ventilator Filter,439,96,703,11727.07,55,11,V004,CarePlus Distributors,9499.14,7.9818181818181815,High
2540,Diagnostic Supplies,Blood Collection Tube,18,2,24,96.02,5,5,V002,EquipMed Co.,87.41,3.6,High
2541,Equipment/Consumables,Small Equipment,205,64,401,18887.09,27,5,V004,CarePlus Distributors,18736.99,7.592592592592593,Medium
2542,Diagnostic Supplies,Test Kit,2098,631,3304,577.64,26,12,V002,EquipMed Co.,571.47,80.6923076923077,Low
2543,Medicines,Insulin,1011,187,2080,122.53,51,4,V003,HealthTools Ltd.,123.7,19.823529411764707,Low
2544,Equipment/Consumables,Thermometer,211,62,378,2118.24,40,12,V004,CarePlus Distributors,2036.39,5.275,High
2545,Diagnostic Supplies,Test Kit,119,36,206,192.97,10,17,V005,PrimeMed Supply Chain,178.29,11.9,High
2546,Equipment/Consumables,Ventilator Filter,323,93,754,7053.96,12,11,V002,EquipMed Co.,7564.14,26.916666666666668,Low
2547,Medicines,Painkiller,69,12,131,359.83,25,7,V004,CarePlus Distributors,391.89,2.76,High
2548,Equipment/Consumables,Ventilator Filter,164,16,282,5448.18,52,5,V003,HealthTools Ltd.,5712.78,3.1538461538461537,High
2549,Diagnostic Supplies,X-ray Film,1633,295,2344,327.89,44,17,V003,HealthTools Ltd.,330.15,37.11363636363637,Low
2550,Surgical Supplies,Syringes,1458,175,2198,28.58,298,7,V003,HealthTools Ltd.,27.9,4.89261744966443,High
2551,Surgical Supplies,Surgical Gloves,478,164,1146,62.68,55,9,V003,HealthTools Ltd.,54.91,8.690909090909091,High
2552,Surgical Supplies,Syringes,468,131,816,71.96,75,8,V002,EquipMed Co.,73.87,6.24,High
2553,Equipment/Consumables,BP Monitor Cuff,448,80,840,5732.5,48,5,V003,HealthTools Ltd.,5229.39,9.333333333333334,Medium
2554,Medicines,Antiviral,4988,1134,6540,60.55,134,8,V005,PrimeMed Supply Chain,61.02,37.223880597014926,Low
2555,Medicines,Antiviral,193,27,267,199.73,86,3,V005,PrimeMed Supply Chain,184.58,2.244186046511628,High
2556,Diagnostic Supplies,X-ray Film,622,148,1456,305.1,41,19,V003,HealthTools Ltd.,329.15,15.170731707317072,High
2557,Surgical Supplies,Surgical Gloves,12697,3603,22092,22.3,340,7,V005,PrimeMed Supply Chain,18.58,37.34411764705882,Low
2558,Diagnostic Supplies,Test Kit,239,35,516,40.92,63,5,V003,HealthTools Ltd.,39.73,3.7936507936507935,High
2559,IV & Emergency Supplies,Emergency Kit,432,117,1071,398.62,179,3,V003,HealthTools Ltd.,348.18,2.4134078212290504,High
2560,Diagnostic Supplies,Reagent,1331,435,2140,371.38,49,15,V003,HealthTools Ltd.,377.18,27.163265306122447,Medium
2561,Medicines,Painkiller,4470,869,9458,82.91,57,10,V002,EquipMed Co.,86.27,78.42105263157895,Low
2562,Diagnostic Supplies,Reagent,1310,368,2817,213.59,35,5,V004,CarePlus Distributors,205.64,37.42857142857143,Low
2563,IV & Emergency Supplies,Defibrillator Pads,107,34,140,23.61,24,6,V003,HealthTools Ltd.,21.13,4.458333333333333,High
2564,IV & Emergency Supplies,Oxygen Mask,245,58,458,670.0,25,5,V001,MedSupplies Inc.,734.3,9.8,Medium
2565,Medicines,Insulin,135,40,194,191.86,32,4,V003,HealthTools Ltd.,200.13,4.21875,Medium
2566,Medicines,Antihistamine,233,63,408,395.45,26,6,V002,EquipMed Co.,366.06,8.961538461538462,Medium
2567,Medicines,Insulin,158,37,317,382.78,23,10,V004,CarePlus Distributors,361.73,6.869565217391305,High
2568,IV & Emergency Supplies,Cannula,3453,1169,4305,308.98,142,5,V002,EquipMed Co.,315.53,24.316901408450704,Low
2569,Diagnostic Supplies,X-ray Film,666,224,1153,369.68,44,19,V002,EquipMed Co.,345.91,15.136363636363637,High
2570,Surgical Supplies,Sutures,914,271,1391,36.24,104,7,V001,MedSupplies Inc.,29.6,8.788461538461538,Medium
2571,Equipment/Consumables,BP Monitor Cuff,52,7,85,14174.22,16,5,V002,EquipMed Co.,13672.52,3.25,High
2572,IV & Emergency Supplies,Defibrillator Pads,3880,447,8025,174.0,174,5,V005,PrimeMed Supply Chain,185.81,22.298850574712645,Low
2573,IV & Emergency Supplies,Cannula,856,199,1418,744.97,140,3,V002,EquipMed Co.,682.17,6.114285714285714,Low
2574,Surgical Supplies,Syringes,6162,780,9431,97.84,323,3,V004,CarePlus Distributors,102.76,19.077399380804952,Low
2575,Equipment/Consumables,Thermometer,979,328,2300,4685.15,39,13,V003,HealthTools Ltd.,4224.94,25.102564102564102,Medium
2576,Equipment/Consumables,Thermometer,711,84,1199,10057.32,18,7,V004,CarePlus Distributors,9330.33,39.5,Low
2577,Medicines,Insulin,48,11,67,479.35,14,4,V002,EquipMed Co.,473.18,3.4285714285714284,High
2578,Medicines,Painkiller,4335,1511,8291,48.03,126,7,V001,MedSupplies Inc.,44.09,34.404761904761905,Low
2579,Diagnostic Supplies,Blood Collection Tube,3905,444,8096,287.34,48,15,V005,PrimeMed Supply Chain,252.69,81.35416666666667,Low
2580,Equipment/Consumables,BP Monitor Cuff,37,8,52,684.17,14,5,V001,MedSupplies Inc.,675.74,2.642857142857143,High
2581,Medicines,Insulin,342,98,785,398.59,23,6,V003,HealthTools Ltd.,391.2,14.869565217391305,Low
2582,Medicines,Antiviral,543,163,747,184.7,31,7,V005,PrimeMed Supply Chain,167.85,17.516129032258064,Low
2583,Equipment/Consumables,Ventilator Filter,38,5,79,19531.27,13,6,V003,HealthTools Ltd.,20392.48,2.923076923076923,High
2584,Equipment/Consumables,Ventilator Filter,152,33,196,8646.99,58,4,V004,CarePlus Distributors,8391.8,2.6206896551724137,High
2585,Diagnostic Supplies,Blood Collection Tube,155,16,219,561.66,65,7,V004,CarePlus Distributors,498.95,2.3846153846153846,High
2586,Diagnostic Supplies,X-ray Film,100,32,224,236.11,29,9,V005,PrimeMed Supply Chain,234.08,3.4482758620689653,High
2587,Equipment/Consumables,Ventilator Filter,1813,393,2730,11122.49,29,10,V004,CarePlus Distributors,10901.87,62.51724137931034,Low
2588,Diagnostic Supplies,Blood Collection Tube,420,50,712,106.75,71,14,V004,CarePlus Distributors,113.21,5.915492957746479,High
2589,Surgical Supplies,Surgical Gloves,5680,1437,13781,88.24,338,6,V001,MedSupplies Inc.,93.86,16.80473372781065,Low
2590,Medicines,Insulin,364,112,622,248.1,90,5,V001,MedSupplies Inc.,253.23,4.044444444444444,High
2591,Equipment/Consumables,Thermometer,297,32,683,1371.15,21,11,V005,PrimeMed Supply Chain,1424.57,14.142857142857142,Medium
2592,Diagnostic Supplies,X-ray Film,422,142,659,442.47,57,13,V004,CarePlus Distributors,456.74,7.4035087719298245,High
2593,IV & Emergency Supplies,Emergency Kit,629,137,812,517.17,14,6,V003,HealthTools Ltd.,551.33,44.92857142857143,Low
2594,Equipment/Consumables,Thermometer,134,25,273,15491.9,12,3,V002,EquipMed Co.,14232.86,11.166666666666666,Low
2595,Surgical Supplies,Sutures,209,70,340,69.36,28,8,V005,PrimeMed Supply Chain,74.47,7.464285714285714,High
2596,IV & Emergency Supplies,Defibrillator Pads,286,32,344,774.36,55,3,V004,CarePlus Distributors,709.95,5.2,Medium
2597,IV & Emergency Supplies,Oxygen Mask,2073,276,3768,131.26,138,6,V003,HealthTools Ltd.,143.59,15.021739130434783,Low
2598,Diagnostic Supplies,X-ray Film,725,215,1519,140.03,50,8,V004,CarePlus Distributors,149.06,14.5,Medium
2599,Surgical Supplies,Surgical Gloves,2639,365,4367,59.44,235,8,V004,CarePlus Distributors,65.27,11.229787234042552,Medium
2600,IV & Emergency Supplies,Oxygen Mask,343,97,532,90.36,130,3,V003,HealthTools Ltd.,78.33,2.6384615384615384,High
2601,Surgical Supplies,Surgical Gloves,12082,1386,22879,39.27,199,8,V004,CarePlus Distributors,41.19,60.71356783919598,Low
2602,IV & Emergency Supplies,Cannula,1667,511,2901,126.44,160,6,V003,HealthTools Ltd.,138.44,10.41875,Medium
2603,Equipment/Consumables,Ventilator Filter,678,211,1099,9063.98,25,13,V005,PrimeMed Supply Chain,7771.14,27.12,Low
2604,Equipment/Consumables,Thermometer,557,127,778,1078.94,6,12,V003,HealthTools Ltd.,1169.26,92.83333333333333,Low
2605,Equipment/Consumables,BP Monitor Cuff,153,41,310,5933.28,28,4,V005,PrimeMed Supply Chain,5135.67,5.464285714285714,Medium
2606,Surgical Supplies,Surgical Mask,110,35,227,37.6,51,4,V004,CarePlus Distributors,36.21,2.156862745098039,High
2607,IV & Emergency Supplies,Cannula,417,64,1006,39.46,146,3,V003,HealthTools Ltd.,33.38,2.856164383561644,High
2608,IV & Emergency Supplies,IV Fluid,1526,202,2047,474.25,126,4,V003,HealthTools Ltd.,430.75,12.11111111111111,Low
2609,Equipment/Consumables,Small Equipment,576,154,1216,15354.35,53,5,V005,PrimeMed Supply Chain,15974.33,10.867924528301886,Low
2610,Equipment/Consumables,Small Equipment,1634,398,3766,18664.97,49,7,V004,CarePlus Distributors,20113.36,33.3469387755102,Low
2611,Equipment/Consumables,Small Equipment,620,122,1253,5002.07,32,10,V005,PrimeMed Supply Chain,4851.21,19.375,Medium
2612,IV & Emergency Supplies,Cannula,1451,246,3376,304.59,172,5,V001,MedSupplies Inc.,289.19,8.436046511627907,Medium
2613,IV & Emergency Supplies,IV Fluid,424,96,934,44.64,66,3,V001,MedSupplies Inc.,41.6,6.424242424242424,Low
2614,IV & Emergency Supplies,Oxygen Mask,835,93,1372,145.11,49,5,V002,EquipMed Co.,147.99,17.040816326530614,Low
2615,Surgical Supplies,Sutures,211,58,364,36.11,181,3,V003,HealthTools Ltd.,29.97,1.1657458563535912,High
2616,Equipment/Consumables,Ventilator Filter,80,22,109,14337.56,11,3,V003,HealthTools Ltd.,14738.83,7.2727272727272725,Low
2617,IV & Emergency Supplies,Cannula,169,27,388,251.53,12,3,V005,PrimeMed Supply Chain,273.81,14.083333333333334,Low
2618,Diagnostic Supplies,Blood Collection Tube,590,171,744,361.99,54,15,V004,CarePlus Distributors,375.96,10.925925925925926,High
2619,IV & Emergency Supplies,Cannula,501,127,1000,221.68,171,3,V001,MedSupplies Inc.,201.14,2.9298245614035086,High
2620,Medicines,Insulin,271,73,610,465.45,70,7,V002,EquipMed Co.,392.26,3.8714285714285714,High
2621,Medicines,Antiviral,829,289,1759,215.35,42,12,V002,EquipMed Co.,195.21,19.738095238095237,Medium
2622,Surgical Supplies,Sutures,7758,2066,13719,63.88,325,8,V002,EquipMed Co.,67.82,23.87076923076923,Low
2623,Equipment/Consumables,Small Equipment,181,31,351,8366.4,21,12,V002,EquipMed Co.,7154.75,8.619047619047619,High
2624,Equipment/Consumables,Ventilator Filter,65,21,157,6486.06,31,7,V002,EquipMed Co.,6981.82,2.096774193548387,High
2625,Surgical Supplies,Surgical Mask,1578,312,1908,93.45,143,6,V001,MedSupplies Inc.,98.47,11.034965034965035,Medium
2626,Equipment/Consumables,Thermometer,95,18,228,8842.26,14,8,V004,CarePlus Distributors,8875.48,6.785714285714286,High
2627,IV & Emergency Supplies,IV Fluid,1933,540,3555,439.44,49,6,V003,HealthTools Ltd.,437.46,39.44897959183673,Low
2628,IV & Emergency Supplies,Defibrillator Pads,2054,545,3379,252.27,52,5,V004,CarePlus Distributors,274.78,39.5,Low
2629,IV & Emergency Supplies,Oxygen Mask,2623,688,4530,47.63,100,5,V002,EquipMed Co.,48.59,26.23,Low
2630,Diagnostic Supplies,X-ray Film,2225,724,4519,299.38,50,6,V003,HealthTools Ltd.,255.79,44.5,Low
2631,Surgical Supplies,Surgical Gloves,912,118,2119,44.21,276,6,V001,MedSupplies Inc.,40.17,3.3043478260869565,High
2632,IV & Emergency Supplies,Oxygen Mask,747,101,912,334.75,44,3,V002,EquipMed Co.,328.48,16.977272727272727,Low
2633,IV & Emergency Supplies,IV Fluid,5655,1573,8516,150.68,198,4,V003,HealthTools Ltd.,147.01,28.560606060606062,Low
2634,Surgical Supplies,Gauze,786,253,1692,46.29,118,9,V003,HealthTools Ltd.,43.0,6.661016949152542,High
2635,Equipment/Consumables,Small Equipment,2985,886,4349,15261.84,57,11,V003,HealthTools Ltd.,14719.48,52.36842105263158,Low
2636,Surgical Supplies,Sutures,87,12,162,90.24,21,8,V003,HealthTools Ltd.,89.07,4.142857142857143,High
2637,IV & Emergency Supplies,IV Fluid,1170,159,2639,107.66,187,3,V004,CarePlus Distributors,112.3,6.25668449197861,Low
2638,Equipment/Consumables,Thermometer,124,35,215,15513.26,51,7,V001,MedSupplies Inc.,12767.31,2.4313725490196076,High
2639,IV & Emergency Supplies,Oxygen Mask,2635,479,5477,367.24,73,6,V003,HealthTools Ltd.,359.85,36.0958904109589,Low
2640,IV & Emergency Supplies,Cannula,3614,415,6401,673.71,189,4,V001,MedSupplies Inc.,707.78,19.12169312169312,Low
2641,Diagnostic Supplies,Test Kit,219,35,535,579.4,27,8,V003,HealthTools Ltd.,544.08,8.11111111111111,Medium
2642,Medicines,Antiviral,1509,324,2658,416.6,96,7,V004,CarePlus Distributors,337.0,15.71875,Low
2643,Medicines,Antiviral,835,225,1317,494.13,101,8,V005,PrimeMed Supply Chain,520.69,8.267326732673267,Medium
2644,IV & Emergency Supplies,IV Fluid,391,108,527,608.42,108,2,V003,HealthTools Ltd.,508.35,3.6203703703703702,Medium
2645,Diagnostic Supplies,Test Kit,281,58,374,283.3,18,7,V005,PrimeMed Supply Chain,249.17,15.61111111111111,Low
2646,IV & Emergency Supplies,Oxygen Mask,3017,454,4987,774.31,142,3,V004,CarePlus Distributors,816.66,21.246478873239436,Low
2647,IV & Emergency Supplies,Defibrillator Pads,423,61,1056,126.3,164,2,V001,MedSupplies Inc.,128.57,2.5792682926829267,Medium
2648,IV & Emergency Supplies,Emergency Kit,1649,252,2903,787.32,127,3,V005,PrimeMed Supply Chain,848.03,12.984251968503937,Low
2649,Medicines,Antihistamine,3085,798,6880,385.71,107,4,V004,CarePlus Distributors,312.91,28.83177570093458,Low
2650,Equipment/Consumables,Small Equipment,3490,1013,5246,14899.83,52,9,V002,EquipMed Co.,12315.83,67.11538461538461,Low
2651,IV & Emergency Supplies,IV Fluid,1139,184,2522,53.94,171,3,V005,PrimeMed Supply Chain,46.12,6.6608187134502925,Low
2652,IV & Emergency Supplies,Oxygen Mask,235,45,528,342.84,55,3,V002,EquipMed Co.,356.1,4.2727272727272725,Medium
2653,IV & Emergency Supplies,Defibrillator Pads,285,72,575,643.86,24,3,V003,HealthTools Ltd.,610.83,11.875,Low
2654,IV & Emergency Supplies,Oxygen Mask,300,61,457,350.7,64,5,V003,HealthTools Ltd.,358.73,4.6875,High
2655,Diagnostic Supplies,Reagent,788,149,1825,272.67,14,12,V004,CarePlus Distributors,299.11,56.285714285714285,Low
2656,Equipment/Consumables,Thermometer,1573,190,3843,4143.61,54,9,V003,HealthTools Ltd.,3521.68,29.12962962962963,Low
2657,Medicines,Antihistamine,114,26,234,358.47,71,3,V005,PrimeMed Supply Chain,366.78,1.6056338028169015,High
2658,Surgical Supplies,Syringes,356,67,646,22.15,31,6,V004,CarePlus Distributors,21.09,11.483870967741936,Medium
2659,Surgical Supplies,Sutures,1163,152,1951,17.93,38,5,V001,MedSupplies Inc.,14.66,30.605263157894736,Low
2660,Medicines,Antihistamine,692,187,1252,157.64,18,7,V004,CarePlus Distributors,136.09,38.44444444444444,Low
2661,Diagnostic Supplies,Blood Collection Tube,328,112,601,331.29,78,11,V001,MedSupplies Inc.,290.18,4.205128205128205,High
2662,Diagnostic Supplies,X-ray Film,299,70,636,373.53,24,17,V004,CarePlus Distributors,358.75,12.458333333333334,High
2663,Equipment/Consumables,Small Equipment,2092,615,4857,897.92,41,11,V005,PrimeMed Supply Chain,968.26,51.02439024390244,Low
2664,IV & Emergency Supplies,Emergency Kit,57,17,113,674.84,11,6,V002,EquipMed Co.,647.36,5.181818181818182,High
2665,Medicines,Antiviral,324,91,587,347.72,22,4,V001,MedSupplies Inc.,371.25,14.727272727272727,Low
2666,Diagnostic Supplies,Reagent,103,32,191,190.46,13,9,V003,HealthTools Ltd.,161.32,7.923076923076923,High
2667,Surgical Supplies,Sutures,2245,476,4184,95.42,167,2,V004,CarePlus Distributors,92.74,13.44311377245509,Low
2668,Diagnostic Supplies,Reagent,543,145,1306,529.51,79,6,V002,EquipMed Co.,515.88,6.8734177215189876,Medium
2669,Medicines,Antibiotic,401,137,873,222.59,117,11,V003,HealthTools Ltd.,196.31,3.427350427350427,High
2670,Diagnostic Supplies,Blood Collection Tube,775,245,1893,340.3,70,9,V001,MedSupplies Inc.,302.92,11.071428571428571,Medium
2671,Surgical Supplies,Sutures,486,72,1158,75.76,375,4,V005,PrimeMed Supply Chain,73.52,1.296,High
2672,IV & Emergency Supplies,Emergency Kit,16,3,31,698.02,23,2,V004,CarePlus Distributors,667.84,0.6956521739130435,High
2673,Surgical Supplies,Sutures,276,91,345,83.47,88,9,V003,HealthTools Ltd.,87.08,3.1363636363636362,High
2674,Diagnostic Supplies,X-ray Film,339,109,657,190.57,54,5,V002,EquipMed Co.,185.37,6.277777777777778,Medium
2675,Equipment/Consumables,Small Equipment,2502,438,3608,15532.72,42,12,V003,HealthTools Ltd.,14858.25,59.57142857142857,Low
2676,Equipment/Consumables,Ventilator Filter,162,26,367,12633.95,12,6,V002,EquipMed Co.,11519.98,13.5,Low
2677,Diagnostic Supplies,Blood Collection Tube,1435,374,3141,111.04,62,11,V004,CarePlus Distributors,119.33,23.14516129032258,Low
2678,Diagnostic Supplies,Test Kit,899,304,1283,66.02,78,17,V003,HealthTools Ltd.,71.44,11.525641025641026,High
2679,Diagnostic Supplies,X-ray Film,154,48,300,283.06,71,6,V002,EquipMed Co.,253.56,2.1690140845070425,High
2680,Medicines,Antihistamine,2953,718,4530,449.67,110,12,V005,PrimeMed Supply Chain,367.49,26.845454545454544,Low
2681,Diagnostic Supplies,Test Kit,3381,1156,7145,122.37,72,15,V001,MedSupplies Inc.,101.05,46.958333333333336,Low
2682,Diagnostic Supplies,Test Kit,843,268,1667,141.09,45,13,V004,CarePlus Distributors,131.78,18.733333333333334,Medium
2683,Surgical Supplies,Surgical Gloves,10561,2153,21036,38.79,309,8,V004,CarePlus Distributors,31.74,34.17799352750809,Low
2684,Medicines,Antiviral,3799,1049,5359,430.95,124,12,V003,HealthTools Ltd.,431.52,30.637096774193548,Low
2685,IV & Emergency Supplies,IV Fluid,141,23,307,106.09,19,2,V003,HealthTools Ltd.,94.86,7.421052631578948,Low
2686,Equipment/Consumables,Small Equipment,1156,280,2572,17868.48,22,9,V005,PrimeMed Supply Chain,16793.5,52.54545454545455,Low
2687,Surgical Supplies,Syringes,2784,671,6715,12.7,128,9,V002,EquipMed Co.,12.64,21.75,Low
2688,Diagnostic Supplies,Test Kit,997,299,1874,252.28,77,19,V004,CarePlus Distributors,202.84,12.948051948051948,High
2689,Equipment/Consumables,Thermometer,874,178,1190,14174.04,55,5,V004,CarePlus Distributors,11912.22,15.89090909090909,Low
2690,Diagnostic Supplies,Reagent,1007,298,2503,513.47,76,6,V004,CarePlus Distributors,559.85,13.25,Low
2691,Equipment/Consumables,Ventilator Filter,580,107,698,7671.3,34,9,V003,HealthTools Ltd.,7899.8,17.058823529411764,Medium
2692,Surgical Supplies,Surgical Mask,9446,2806,15807,55.22,141,9,V005,PrimeMed Supply Chain,44.94,66.99290780141844,Low
2693,Diagnostic Supplies,X-ray Film,325,54,783,41.44,13,19,V001,MedSupplies Inc.,37.16,25.0,Medium
2694,Medicines,Painkiller,7298,1749,13370,432.55,125,8,V001,MedSupplies Inc.,392.56,58.384,Low
2695,IV & Emergency Supplies,Oxygen Mask,166,18,283,75.2,108,3,V003,HealthTools Ltd.,80.09,1.537037037037037,High
2696,IV & Emergency Supplies,Cannula,67,20,84,794.12,59,2,V001,MedSupplies Inc.,704.27,1.1355932203389831,High
2697,IV & Emergency Supplies,Defibrillator Pads,395,123,896,555.43,55,3,V003,HealthTools Ltd.,514.75,7.181818181818182,Low
2698,IV & Emergency Supplies,Cannula,480,59,749,495.6,177,3,V004,CarePlus Distributors,510.51,2.711864406779661,High
2699,Medicines,Painkiller,153,23,306,491.04,60,6,V001,MedSupplies Inc.,446.12,2.55,High
2700,Medicines,Insulin,1701,331,2739,171.98,43,9,V003,HealthTools Ltd.,146.25,39.55813953488372,Low
2701,Diagnostic Supplies,Reagent,57,7,101,549.17,26,6,V005,PrimeMed Supply Chain,536.48,2.1923076923076925,High
2702,Medicines,Antiviral,626,99,1020,271.43,28,8,V005,PrimeMed Supply Chain,297.92,22.357142857142858,Low
2703,Diagnostic Supplies,Test Kit,396,136,560,55.73,54,8,V002,EquipMed Co.,51.04,7.333333333333333,High
2704,IV & Emergency Supplies,Emergency Kit,2527,411,4907,631.93,179,6,V005,PrimeMed Supply Chain,621.48,14.11731843575419,Low
2705,IV & Emergency Supplies,Emergency Kit,407,102,685,295.19,136,3,V002,EquipMed Co.,241.68,2.9926470588235294,High
2706,Medicines,Antiviral,3790,516,7523,78.69,48,12,V002,EquipMed Co.,82.14,78.95833333333333,Low
2707,Diagnostic Supplies,Blood Collection Tube,329,105,624,400.49,6,16,V001,MedSupplies Inc.,387.88,54.833333333333336,Low
2708,Equipment/Consumables,Ventilator Filter,848,173,1678,11138.56,56,13,V001,MedSupplies Inc.,11891.95,15.142857142857142,Medium
2709,Diagnostic Supplies,Blood Collection Tube,267,56,522,202.93,17,10,V005,PrimeMed Supply Chain,204.81,15.705882352941176,Medium
2710,Surgical Supplies,Sutures,12745,4428,19623,15.08,377,6,V003,HealthTools Ltd.,16.57,33.80636604774536,Low
2711,Diagnostic Supplies,Reagent,1619,495,2024,317.63,61,18,V001,MedSupplies Inc.,328.41,26.540983606557376,Medium
2712,Equipment/Consumables,Ventilator Filter,156,22,294,19186.8,31,3,V003,HealthTools Ltd.,17564.34,5.032258064516129,Medium
2713,IV & Emergency Supplies,IV Fluid,329,72,504,105.59,14,6,V005,PrimeMed Supply Chain,108.43,23.5,Low
2714,Medicines,Insulin,8055,2768,18092,468.41,142,9,V001,MedSupplies Inc.,492.71,56.725352112676056,Low
2715,IV & Emergency Supplies,Oxygen Mask,627,76,773,434.2,138,2,V004,CarePlus Distributors,395.7,4.543478260869565,Low
2716,Equipment/Consumables,Thermometer,58,10,108,10998.08,4,4,V004,CarePlus Distributors,11999.65,14.5,Low
2717,Surgical Supplies,Gauze,3536,755,5312,51.0,389,8,V003,HealthTools Ltd.,45.48,9.089974293059125,Medium
2718,Equipment/Consumables,BP Monitor Cuff,527,79,771,16144.74,44,3,V002,EquipMed Co.,16130.21,11.977272727272727,Low
2719,Surgical Supplies,Surgical Mask,291,38,384,29.77,341,2,V003,HealthTools Ltd.,30.3,0.8533724340175953,High
2720,Diagnostic Supplies,Blood Collection Tube,562,167,806,289.7,7,11,V001,MedSupplies Inc.,236.77,80.28571428571429,Low
2721,Surgical Supplies,Gauze,1641,529,2641,64.38,399,6,V002,EquipMed Co.,55.41,4.112781954887218,High
2722,Diagnostic Supplies,Test Kit,561,86,807,313.6,25,18,V005,PrimeMed Supply Chain,279.56,22.44,Medium
2723,Diagnostic Supplies,Test Kit,3854,900,7014,242.14,40,16,V002,EquipMed Co.,217.83,96.35,Low
2724,Equipment/Consumables,BP Monitor Cuff,185,33,446,16365.2,51,7,V003,HealthTools Ltd.,17882.22,3.627450980392157,High
2725,IV & Emergency Supplies,IV Fluid,912,245,2214,390.32,96,6,V004,CarePlus Distributors,339.61,9.5,Medium
2726,Equipment/Consumables,Thermometer,1125,208,1433,5865.09,57,4,V005,PrimeMed Supply Chain,6273.55,19.736842105263158,Low
2727,Surgical Supplies,Gauze,1543,185,3257,10.26,90,8,V005,PrimeMed Supply Chain,9.21,17.144444444444446,Low
2728,Equipment/Consumables,Thermometer,219,48,373,17796.7,27,12,V004,CarePlus Distributors,15806.02,8.11111111111111,High
2729,IV & Emergency Supplies,Cannula,688,159,1651,422.15,175,6,V004,CarePlus Distributors,352.77,3.9314285714285715,High
2730,Diagnostic Supplies,X-ray Film,3142,532,4145,169.58,50,18,V004,CarePlus Distributors,160.64,62.84,Low
2731,Equipment/Consumables,Ventilator Filter,541,101,791,16977.56,32,8,V003,HealthTools Ltd.,14770.46,16.90625,Low
2732,IV & Emergency Supplies,Oxygen Mask,931,310,1849,262.41,97,4,V005,PrimeMed Supply Chain,261.87,9.597938144329897,Low
2733,Diagnostic Supplies,X-ray Film,1256,235,1879,427.08,78,12,V003,HealthTools Ltd.,380.05,16.102564102564102,Medium
2734,Surgical Supplies,Surgical Mask,4356,672,6509,2.19,325,2,V004,CarePlus Distributors,2.14,13.403076923076924,Low
2735,Equipment/Consumables,Small Equipment,667,86,1268,6790.6,21,11,V003,HealthTools Ltd.,6147.9,31.761904761904763,Low
2736,Diagnostic Supplies,Blood Collection Tube,1503,258,3538,481.09,38,19,V001,MedSupplies Inc.,462.15,39.55263157894737,Low
2737,Equipment/Consumables,Thermometer,1682,363,2366,19109.24,23,11,V001,MedSupplies Inc.,15604.86,73.1304347826087,Low
2738,Diagnostic Supplies,X-ray Film,686,70,1340,489.55,21,19,V001,MedSupplies Inc.,444.58,32.666666666666664,Medium
2739,Diagnostic Supplies,X-ray Film,290,87,658,595.33,6,8,V004,CarePlus Distributors,485.4,48.333333333333336,Low
2740,Diagnostic Supplies,Blood Collection Tube,4170,931,10184,260.29,68,8,V001,MedSupplies Inc.,247.13,61.3235294117647,Low
2741,Surgical Supplies,Surgical Mask,3403,410,6758,60.78,214,4,V001,MedSupplies Inc.,48.76,15.901869158878505,Low
2742,Equipment/Consumables,BP Monitor Cuff,120,24,251,11468.47,18,5,V003,HealthTools Ltd.,11150.24,6.666666666666667,Medium
2743,Equipment/Consumables,Thermometer,295,40,648,18530.08,59,13,V001,MedSupplies Inc.,16980.98,5.0,High
2744,IV & Emergency Supplies,Oxygen Mask,213,26,489,758.78,50,2,V002,EquipMed Co.,730.77,4.26,Low
2745,Medicines,Antiviral,1468,383,3337,355.72,142,5,V002,EquipMed Co.,315.89,10.338028169014084,Low
2746,Equipment/Consumables,Ventilator Filter,1075,271,1561,16272.19,10,14,V005,PrimeMed Supply Chain,14511.84,107.5,Low
2747,Equipment/Consumables,Thermometer,264,30,460,9898.51,10,13,V005,PrimeMed Supply Chain,9022.02,26.4,Low
2748,Equipment/Consumables,BP Monitor Cuff,295,68,603,7259.29,54,10,V001,MedSupplies Inc.,7767.26,5.462962962962963,High
2749,Diagnostic Supplies,Blood Collection Tube,287,88,414,209.13,22,15,V003,HealthTools Ltd.,184.93,13.045454545454545,High
2750,Surgical Supplies,Surgical Gloves,105,28,136,13.79,135,2,V001,MedSupplies Inc.,13.85,0.7777777777777778,High
2751,IV & Emergency Supplies,Oxygen Mask,512,119,1254,782.18,44,5,V003,HealthTools Ltd.,837.9,11.636363636363637,Low
2752,Medicines,Antibiotic,356,37,632,383.38,78,7,V003,HealthTools Ltd.,321.04,4.564102564102564,High
2753,IV & Emergency Supplies,Oxygen Mask,282,29,581,35.4,106,5,V003,HealthTools Ltd.,29.31,2.660377358490566,High
2754,Surgical Supplies,Sutures,1030,332,2091,49.86,343,2,V005,PrimeMed Supply Chain,49.39,3.002915451895044,Medium
2755,Surgical Supplies,Syringes,1357,473,1723,55.18,249,5,V004,CarePlus Distributors,50.07,5.449799196787149,Medium
2756,Diagnostic Supplies,Blood Collection Tube,714,91,916,201.21,48,15,V002,EquipMed Co.,170.25,14.875,High
2757,IV & Emergency Supplies,Emergency Kit,1567,284,3523,37.16,119,6,V003,HealthTools Ltd.,33.0,13.168067226890756,Low
2758,Diagnostic Supplies,Test Kit,452,86,858,279.97,53,11,V005,PrimeMed Supply Chain,263.13,8.528301886792454,High
2759,IV & Emergency Supplies,Defibrillator Pads,234,69,282,747.75,100,3,V001,MedSupplies Inc.,767.77,2.34,High
2760,IV & Emergency Supplies,Oxygen Mask,1055,288,1696,174.46,170,6,V002,EquipMed Co.,177.48,6.205882352941177,Medium
2761,Equipment/Consumables,BP Monitor Cuff,389,130,951,16328.87,27,10,V003,HealthTools Ltd.,14946.06,14.407407407407407,Medium
2762,Medicines,Antibiotic,5372,1642,13161,23.44,88,11,V003,HealthTools Ltd.,19.95,61.04545454545455,Low
2763,Surgical Supplies,Surgical Gloves,852,211,1841,55.38,243,8,V001,MedSupplies Inc.,48.17,3.506172839506173,High
2764,Surgical Supplies,Gauze,146,35,243,15.98,43,2,V001,MedSupplies Inc.,16.9,3.395348837209302,Medium
2765,Diagnostic Supplies,X-ray Film,1545,385,3170,163.31,48,7,V001,MedSupplies Inc.,165.99,32.1875,Low
2766,Medicines,Antibiotic,3437,360,6137,389.1,143,4,V002,EquipMed Co.,385.43,24.034965034965033,Low
2767,Medicines,Antihistamine,1832,365,3933,487.21,101,12,V005,PrimeMed Supply Chain,455.53,18.138613861386137,Medium
2768,Diagnostic Supplies,Reagent,138,39,251,290.07,33,12,V003,HealthTools Ltd.,286.11,4.181818181818182,High
2769,IV & Emergency Supplies,IV Fluid,588,77,710,524.45,101,3,V003,HealthTools Ltd.,539.52,5.821782178217822,Medium
2770,IV & Emergency Supplies,Oxygen Mask,425,64,760,159.67,184,4,V003,HealthTools Ltd.,162.81,2.3097826086956523,High
2771,Diagnostic Supplies,X-ray Film,246,53,495,360.6,14,12,V004,CarePlus Distributors,365.13,17.571428571428573,Medium
2772,Medicines,Antibiotic,16,3,33,89.85,12,3,V005,PrimeMed Supply Chain,74.41,1.3333333333333333,High
2773,Equipment/Consumables,Thermometer,365,93,747,8268.8,35,12,V001,MedSupplies Inc.,6911.82,10.428571428571429,High
2774,Equipment/Consumables,Thermometer,595,180,918,13140.23,23,12,V004,CarePlus Distributors,12437.85,25.869565217391305,Low
2775,IV & Emergency Supplies,Cannula,1540,411,2126,78.61,177,3,V005,PrimeMed Supply Chain,83.08,8.700564971751412,Low
2776,IV & Emergency Supplies,Oxygen Mask,197,55,337,335.84,92,3,V002,EquipMed Co.,364.27,2.141304347826087,High
2777,Equipment/Consumables,Ventilator Filter,675,171,1100,19101.45,46,6,V004,CarePlus Distributors,15788.45,14.673913043478262,Low
2778,Equipment/Consumables,BP Monitor Cuff,528,118,792,188.67,51,7,V003,HealthTools Ltd.,201.99,10.352941176470589,Medium
2779,Equipment/Consumables,Ventilator Filter,3324,799,5709,3746.53,41,14,V005,PrimeMed Supply Chain,3257.68,81.07317073170732,Low
2780,IV & Emergency Supplies,Oxygen Mask,82,20,131,249.76,41,3,V003,HealthTools Ltd.,251.43,2.0,High
2781,IV & Emergency Supplies,Cannula,235,66,303,130.62,105,6,V002,EquipMed Co.,105.05,2.238095238095238,High
2782,Equipment/Consumables,BP Monitor Cuff,4698,728,10484,13267.54,44,14,V002,EquipMed Co.,13222.93,106.77272727272727,Low
2783,Equipment/Consumables,Small Equipment,40,9,66,2401.66,3,4,V003,HealthTools Ltd.,2497.91,13.333333333333334,Low
2784,Diagnostic Supplies,Blood Collection Tube,231,27,497,232.27,11,18,V005,PrimeMed Supply Chain,226.45,21.0,Medium
2785,IV & Emergency Supplies,Defibrillator Pads,82,11,118,316.18,42,3,V003,HealthTools Ltd.,317.51,1.9523809523809523,High
2786,Diagnostic Supplies,Test Kit,706,240,1370,129.55,64,19,V003,HealthTools Ltd.,126.35,11.03125,High
2787,Diagnostic Supplies,Blood Collection Tube,1639,173,3527,76.68,14,17,V005,PrimeMed Supply Chain,70.85,117.07142857142857,Low
2788,Equipment/Consumables,Thermometer,2921,763,6070,13370.47,52,10,V002,EquipMed Co.,14700.59,56.17307692307692,Low
2789,Diagnostic Supplies,Reagent,680,122,842,352.36,65,12,V001,MedSupplies Inc.,361.94,10.461538461538462,High
2790,Diagnostic Supplies,Blood Collection Tube,294,85,678,323.44,14,13,V002,EquipMed Co.,264.36,21.0,Medium
2791,Diagnostic Supplies,X-ray Film,6016,1462,11686,132.52,75,19,V004,CarePlus Distributors,118.23,80.21333333333334,Low
2792,Surgical Supplies,Surgical Gloves,270,85,409,11.84,72,4,V005,PrimeMed Supply Chain,9.87,3.75,High
2793,IV & Emergency Supplies,Cannula,3512,498,5593,591.15,194,4,V002,EquipMed Co.,513.43,18.103092783505154,Low
2794,Surgical Supplies,Surgical Mask,803,110,1445,3.22,239,5,V005,PrimeMed Supply Chain,3.08,3.3598326359832638,High
2795,Medicines,Insulin,864,252,1385,35.44,18,11,V003,HealthTools Ltd.,36.42,48.0,Low
2796,IV & Emergency Supplies,IV Fluid,2399,600,3701,582.51,60,6,V004,CarePlus Distributors,585.47,39.983333333333334,Low
2797,IV & Emergency Supplies,Cannula,50,16,117,624.12,80,2,V001,MedSupplies Inc.,506.77,0.625,High
2798,Medicines,Antihistamine,1234,156,2370,341.01,147,13,V001,MedSupplies Inc.,363.52,8.394557823129253,High
2799,Equipment/Consumables,Small Equipment,362,49,454,10880.75,28,3,V004,CarePlus Distributors,9920.31,12.928571428571429,Low
2800,Medicines,Insulin,3052,659,7203,404.26,62,8,V001,MedSupplies Inc.,428.37,49.225806451612904,Low
2801,IV & Emergency Supplies,IV Fluid,866,107,1476,634.94,35,4,V001,MedSupplies Inc.,512.63,24.742857142857144,Low
2802,Surgical Supplies,Syringes,12745,1814,29675,30.68,348,8,V002,EquipMed Co.,28.75,36.62356321839081,Low
2803,Diagnostic Supplies,Blood Collection Tube,286,98,638,370.44,11,17,V005,PrimeMed Supply Chain,342.89,26.0,Medium
2804,Diagnostic Supplies,Test Kit,414,65,982,519.61,74,15,V005,PrimeMed Supply Chain,447.65,5.594594594594595,High
2805,Diagnostic Supplies,X-ray Film,503,59,692,220.17,41,7,V001,MedSupplies Inc.,215.16,12.268292682926829,Medium
2806,Equipment/Consumables,Thermometer,93,19,188,14700.09,29,5,V004,CarePlus Distributors,12428.35,3.206896551724138,High
2807,Diagnostic Supplies,X-ray Film,1045,152,2609,573.67,34,10,V002,EquipMed Co.,550.91,30.735294117647058,Low
2808,Medicines,Antiviral,1584,230,3812,406.68,112,13,V004,CarePlus Distributors,351.97,14.142857142857142,Medium
2809,IV & Emergency Supplies,Emergency Kit,2471,403,4979,210.75,175,6,V004,CarePlus Distributors,191.54,14.12,Low
2810,Equipment/Consumables,Small Equipment,2447,792,3730,2588.66,45,8,V004,CarePlus Distributors,2418.62,54.37777777777778,Low
2811,Surgical Supplies,Surgical Mask,1493,177,2967,12.28,313,2,V002,EquipMed Co.,11.79,4.7699680511182105,Low
2812,Medicines,Antihistamine,2621,706,5503,488.29,33,10,V001,MedSupplies Inc.,431.53,79.42424242424242,Low
2813,Equipment/Consumables,Ventilator Filter,305,43,568,1841.74,22,14,V002,EquipMed Co.,1842.24,13.863636363636363,High
2814,Diagnostic Supplies,Reagent,5567,1876,13634,548.96,50,17,V001,MedSupplies Inc.,510.81,111.34,Low
2815,Surgical Supplies,Surgical Mask,5033,1195,6789,52.24,249,6,V005,PrimeMed Supply Chain,44.66,20.21285140562249,Low
2816,Surgical Supplies,Syringes,418,67,910,17.47,71,4,V004,CarePlus Distributors,17.79,5.887323943661972,Medium
2817,IV & Emergency Supplies,IV Fluid,162,17,257,69.38,108,2,V004,CarePlus Distributors,58.19,1.5,High
2818,IV & Emergency Supplies,Oxygen Mask,2124,581,4429,384.02,178,2,V001,MedSupplies Inc.,380.02,11.932584269662922,Low
2819,Surgical Supplies,Sutures,160,23,398,78.22,174,2,V004,CarePlus Distributors,80.1,0.9195402298850575,High
2820,Diagnostic Supplies,Blood Collection Tube,1104,242,2708,82.0,45,18,V001,MedSupplies Inc.,88.37,24.533333333333335,Medium
2821,IV & Emergency Supplies,Emergency Kit,1402,214,2299,594.47,69,4,V005,PrimeMed Supply Chain,616.86,20.318840579710145,Low
2822,Medicines,Antihistamine,1231,279,2683,335.42,27,13,V001,MedSupplies Inc.,292.4,45.592592592592595,Low
2823,Surgical Supplies,Syringes,427,91,883,94.66,144,4,V003,HealthTools Ltd.,101.99,2.9652777777777777,High
2824,Surgical Supplies,Gauze,920,161,1842,67.78,161,3,V005,PrimeMed Supply Chain,67.55,5.714285714285714,Medium
2825,Surgical Supplies,Surgical Mask,3921,1263,7836,27.85,251,4,V001,MedSupplies Inc.,22.45,15.621513944223107,Low
2826,Surgical Supplies,Surgical Mask,1415,257,2596,15.39,363,3,V005,PrimeMed Supply Chain,16.22,3.8980716253443526,Medium
2827,IV & Emergency Supplies,Cannula,2722,496,6384,730.03,105,4,V005,PrimeMed Supply Chain,599.48,25.923809523809524,Low
2828,IV & Emergency Supplies,Emergency Kit,146,46,327,121.0,115,4,V003,HealthTools Ltd.,110.85,1.2695652173913043,High
2829,IV & Emergency Supplies,Oxygen Mask,4026,1050,7327,210.44,110,5,V002,EquipMed Co.,183.12,36.6,Low
2830,Diagnostic Supplies,Reagent,2261,592,4188,454.16,37,10,V004,CarePlus Distributors,383.19,61.108108108108105,Low
2831,Medicines,Insulin,2183,678,4446,263.81,74,7,V003,HealthTools Ltd.,213.97,29.5,Low
2832,Equipment/Consumables,Ventilator Filter,944,268,1771,18280.86,41,3,V001,MedSupplies Inc.,15741.18,23.024390243902438,Low
2833,Surgical Supplies,Syringes,4728,1016,7251,31.71,159,5,V004,CarePlus Distributors,25.67,29.735849056603772,Low
2834,Medicines,Painkiller,3190,414,7088,53.48,87,5,V003,HealthTools Ltd.,50.84,36.666666666666664,Low
2835,Equipment/Consumables,Small Equipment,113,20,174,418.23,37,8,V001,MedSupplies Inc.,381.82,3.054054054054054,High
2836,Diagnostic Supplies,Test Kit,15,1,36,459.06,6,8,V003,HealthTools Ltd.,435.42,2.5,High
2837,Equipment/Consumables,Thermometer,477,128,643,7516.6,24,10,V002,EquipMed Co.,6846.86,19.875,Medium
2838,Medicines,Painkiller,235,35,350,51.11,10,8,V003,HealthTools Ltd.,41.34,23.5,Low
2839,IV & Emergency Supplies,Oxygen Mask,172,52,264,648.45,62,6,V005,PrimeMed Supply Chain,647.3,2.774193548387097,High
2840,Medicines,Antihistamine,92,13,117,486.9,26,3,V002,EquipMed Co.,396.17,3.5384615384615383,Medium
2841,Equipment/Consumables,BP Monitor Cuff,165,37,386,3744.09,14,3,V004,CarePlus Distributors,3897.07,11.785714285714286,Low
2842,Medicines,Antihistamine,705,189,1468,159.3,53,6,V005,PrimeMed Supply Chain,143.32,13.30188679245283,Low
2843,IV & Emergency Supplies,Defibrillator Pads,2945,912,6652,687.96,100,6,V002,EquipMed Co.,619.94,29.45,Low
2844,Diagnostic Supplies,Test Kit,239,28,403,161.97,63,7,V005,PrimeMed Supply Chain,176.81,3.7936507936507935,High
2845,Surgical Supplies,Surgical Gloves,340,52,632,17.65,101,6,V001,MedSupplies Inc.,19.12,3.366336633663366,High
2846,IV & Emergency Supplies,IV Fluid,1054,322,1841,462.43,153,6,V005,PrimeMed Supply Chain,441.91,6.888888888888889,Medium
2847,Equipment/Consumables,Ventilator Filter,107,18,160,7380.48,34,8,V005,PrimeMed Supply Chain,6778.24,3.1470588235294117,High
2848,IV & Emergency Supplies,Cannula,773,197,1567,285.64,61,2,V002,EquipMed Co.,234.14,12.672131147540984,Low
2849,Surgical Supplies,Gauze,68,20,169,46.13,30,5,V002,EquipMed Co.,49.04,2.2666666666666666,High
2850,Equipment/Consumables,BP Monitor Cuff,1050,326,2419,6261.3,55,9,V002,EquipMed Co.,5547.8,19.09090909090909,Low
2851,Medicines,Painkiller,3042,421,4408,36.25,140,7,V005,PrimeMed Supply Chain,35.32,21.728571428571428,Low
2852,Medicines,Painkiller,5089,623,10386,191.03,112,7,V001,MedSupplies Inc.,183.25,45.4375,Low
2853,Diagnostic Supplies,Test Kit,2706,892,3944,572.55,69,19,V003,HealthTools Ltd.,547.13,39.21739130434783,Low
2854,Medicines,Antiviral,454,113,690,106.24,46,5,V001,MedSupplies Inc.,108.92,9.869565217391305,Medium
2855,Surgical Supplies,Sutures,675,160,1056,44.87,234,6,V004,CarePlus Distributors,45.46,2.8846153846153846,High
2856,IV & Emergency Supplies,Oxygen Mask,948,223,2079,69.47,166,2,V003,HealthTools Ltd.,63.75,5.710843373493976,Low
2857,Medicines,Painkiller,6879,1153,17146,67.89,112,8,V002,EquipMed Co.,66.73,61.419642857142854,Low
2858,Medicines,Insulin,199,27,269,74.57,23,8,V003,HealthTools Ltd.,61.21,8.652173913043478,Medium
2859,Equipment/Consumables,Thermometer,1468,377,2352,2928.66,42,9,V002,EquipMed Co.,3153.68,34.95238095238095,Low
2860,Diagnostic Supplies,Test Kit,8659,2648,12038,155.68,70,17,V005,PrimeMed Supply Chain,132.67,123.7,Low
2861,Surgical Supplies,Gauze,1929,670,4376,3.72,187,3,V003,HealthTools Ltd.,3.5,10.315508021390375,Low
2862,Surgical Supplies,Surgical Gloves,1301,423,2482,99.78,101,6,V002,EquipMed Co.,87.02,12.881188118811881,Low
2863,Surgical Supplies,Surgical Mask,790,176,971,36.23,233,4,V004,CarePlus Distributors,38.36,3.390557939914163,High
2864,Diagnostic Supplies,Blood Collection Tube,132,20,232,450.06,14,14,V005,PrimeMed Supply Chain,370.9,9.428571428571429,High
2865,Medicines,Antihistamine,658,169,1116,378.91,92,7,V002,EquipMed Co.,344.74,7.1521739130434785,Medium
2866,Medicines,Antiviral,610,151,766,52.86,29,5,V001,MedSupplies Inc.,48.27,21.03448275862069,Low
2867,Medicines,Painkiller,9952,3311,23157,438.06,143,10,V001,MedSupplies Inc.,404.15,69.5944055944056,Low
2868,Medicines,Antibiotic,50,9,94,328.41,40,3,V003,HealthTools Ltd.,308.28,1.25,High
2869,Medicines,Antibiotic,1662,336,2358,82.19,61,11,V001,MedSupplies Inc.,72.42,27.24590163934426,Low
2870,Diagnostic Supplies,Test Kit,811,195,984,26.67,31,17,V005,PrimeMed Supply Chain,21.77,26.161290322580644,Medium
2871,Diagnostic Supplies,X-ray Film,2051,620,3143,380.33,31,14,V003,HealthTools Ltd.,331.04,66.16129032258064,Low
2872,Diagnostic Supplies,Test Kit,753,199,1324,566.99,53,19,V002,EquipMed Co.,587.34,14.20754716981132,High
2873,Equipment/Consumables,Thermometer,213,37,324,8549.71,33,7,V004,CarePlus Distributors,9278.45,6.454545454545454,High
2874,Surgical Supplies,Syringes,1882,489,3279,27.09,126,2,V003,HealthTools Ltd.,22.21,14.936507936507937,Low
2875,Equipment/Consumables,BP Monitor Cuff,36,11,73,15197.66,11,4,V003,HealthTools Ltd.,15975.08,3.272727272727273,High
2876,Diagnostic Supplies,Reagent,2107,534,4304,518.07,54,17,V005,PrimeMed Supply Chain,461.3,39.01851851851852,Low
2877,Medicines,Painkiller,490,50,635,350.81,103,8,V003,HealthTools Ltd.,293.6,4.757281553398058,High
2878,Surgical Supplies,Sutures,2691,758,6004,26.46,104,8,V004,CarePlus Distributors,26.87,25.875,Low
2879,IV & Emergency Supplies,Defibrillator Pads,778,92,1112,720.81,148,5,V001,MedSupplies Inc.,736.91,5.256756756756757,Medium
2880,Medicines,Antiviral,182,43,278,433.31,40,3,V002,EquipMed Co.,435.22,4.55,Medium
2881,Diagnostic Supplies,Test Kit,80,24,142,182.06,11,14,V003,HealthTools Ltd.,173.11,7.2727272727272725,High
2882,IV & Emergency Supplies,Defibrillator Pads,280,29,525,510.6,47,4,V003,HealthTools Ltd.,457.27,5.957446808510638,Medium
2883,Diagnostic Supplies,X-ray Film,1391,395,1751,272.11,51,19,V004,CarePlus Distributors,281.1,27.274509803921568,Medium
2884,Surgical Supplies,Surgical Gloves,291,53,404,61.82,187,2,V002,EquipMed Co.,63.46,1.5561497326203209,High
2885,Equipment/Consumables,Thermometer,196,39,256,11296.02,39,9,V001,MedSupplies Inc.,10647.65,5.0256410256410255,High
2886,Diagnostic Supplies,Test Kit,546,107,753,160.65,27,13,V001,MedSupplies Inc.,156.44,20.22222222222222,Medium
2887,Medicines,Painkiller,3688,502,4913,81.98,73,9,V002,EquipMed Co.,70.14,50.52054794520548,Low
2888,Diagnostic Supplies,Reagent,1222,129,2338,311.68,56,11,V002,EquipMed Co.,339.94,21.821428571428573,Medium
2889,Diagnostic Supplies,Blood Collection Tube,632,160,988,576.15,12,12,V004,CarePlus Distributors,538.63,52.666666666666664,Low
2890,Equipment/Consumables,Thermometer,146,15,363,5901.19,6,12,V004,CarePlus Distributors,5285.24,24.333333333333332,Low
2891,Diagnostic Supplies,Blood Collection Tube,1760,530,4223,471.82,78,18,V005,PrimeMed Supply Chain,390.88,22.564102564102566,Medium
2892,IV & Emergency Supplies,Emergency Kit,283,64,348,784.63,49,2,V004,CarePlus Distributors,628.65,5.775510204081633,Low
2893,Diagnostic Supplies,Blood Collection Tube,594,164,1471,104.01,14,18,V005,PrimeMed Supply Chain,88.41,42.42857142857143,Low
2894,Diagnostic Supplies,Test Kit,483,86,834,266.28,35,10,V002,EquipMed Co.,248.27,13.8,Medium
2895,Diagnostic Supplies,Reagent,415,62,801,180.97,10,6,V004,CarePlus Distributors,150.73,41.5,Low
2896,Diagnostic Supplies,Test Kit,54,8,103,89.87,8,12,V003,HealthTools Ltd.,95.34,6.75,High
2897,Equipment/Consumables,Ventilator Filter,416,128,975,9957.3,25,9,V004,CarePlus Distributors,10888.4,16.64,Medium
2898,Surgical Supplies,Sutures,355,39,883,33.72,114,4,V001,MedSupplies Inc.,29.49,3.1140350877192984,High
2899,Equipment/Consumables,Ventilator Filter,327,54,804,6784.59,17,13,V002,EquipMed Co.,5439.49,19.235294117647058,Medium
2900,Medicines,Antiviral,2858,690,5779,92.35,140,4,V003,HealthTools Ltd.,95.43,20.414285714285715,Low
2901,Medicines,Antibiotic,1450,474,2336,307.13,135,9,V002,EquipMed Co.,299.34,10.74074074074074,Medium
2902,Medicines,Antihistamine,2874,381,3604,166.77,133,9,V002,EquipMed Co.,159.07,21.60902255639098,Low
2903,Medicines,Insulin,124,25,222,187.63,28,12,V001,MedSupplies Inc.,192.74,4.428571428571429,High
2904,Medicines,Antiviral,218,22,267,218.69,11,11,V001,MedSupplies Inc.,226.35,19.818181818181817,Medium
2905,Surgical Supplies,Syringes,1638,433,2205,43.72,194,9,V002,EquipMed Co.,39.33,8.443298969072165,High
2906,Surgical Supplies,Surgical Mask,201,48,310,28.46,68,9,V004,CarePlus Distributors,30.06,2.9558823529411766,High
2907,Diagnostic Supplies,X-ray Film,2668,558,5544,520.4,74,9,V002,EquipMed Co.,567.1,36.054054054054056,Low
2908,Surgical Supplies,Syringes,22592,4924,29977,23.49,354,8,V004,CarePlus Distributors,21.17,63.81920903954802,Low
2909,Surgical Supplies,Surgical Mask,5648,1320,13354,27.59,150,7,V002,EquipMed Co.,28.38,37.653333333333336,Low
2910,IV & Emergency Supplies,Oxygen Mask,3888,918,7016,225.99,178,3,V002,EquipMed Co.,243.45,21.84269662921348,Low
2911,Surgical Supplies,Syringes,2329,423,3546,75.26,108,9,V004,CarePlus Distributors,79.69,21.564814814814813,Low
2912,Surgical Supplies,Syringes,2008,702,3800,47.77,43,8,V001,MedSupplies Inc.,49.98,46.69767441860465,Low
2913,Surgical Supplies,Syringes,10286,2984,12678,45.47,301,5,V002,EquipMed Co.,49.22,34.17275747508306,Low
2914,Surgical Supplies,Surgical Mask,3469,816,8399,85.46,227,5,V004,CarePlus Distributors,68.51,15.28193832599119,Low
2915,Medicines,Antiviral,204,60,433,172.01,32,7,V005,PrimeMed Supply Chain,140.29,6.375,High
2916,Surgical Supplies,Syringes,1249,316,1845,84.88,203,5,V004,CarePlus Distributors,78.73,6.152709359605911,Medium
2917,Surgical Supplies,Surgical Gloves,308,35,492,80.46,136,5,V001,MedSupplies Inc.,75.33,2.264705882352941,High
2918,IV & Emergency Supplies,Cannula,827,288,1208,157.57,58,6,V001,MedSupplies Inc.,169.51,14.258620689655173,Low
2919,IV & Emergency Supplies,Oxygen Mask,49,15,99,772.33,30,3,V004,CarePlus Distributors,727.51,1.6333333333333333,High
2920,Diagnostic Supplies,Reagent,632,190,1099,65.73,71,19,V003,HealthTools Ltd.,63.87,8.901408450704226,High
2921,Equipment/Consumables,Small Equipment,575,69,1102,15552.26,16,8,V002,EquipMed Co.,16037.31,35.9375,Low
2922,Surgical Supplies,Surgical Gloves,4895,1183,12142,9.98,325,8,V001,MedSupplies Inc.,9.58,15.061538461538461,Medium
2923,Equipment/Consumables,Ventilator Filter,942,153,1423,5299.84,41,12,V005,PrimeMed Supply Chain,5585.85,22.975609756097562,Medium
2924,Surgical Supplies,Syringes,42,12,63,21.47,24,3,V003,HealthTools Ltd.,18.49,1.75,High
2925,Surgical Supplies,Sutures,1225,205,1900,21.31,107,6,V005,PrimeMed Supply Chain,18.81,11.448598130841122,Medium
2926,Equipment/Consumables,Ventilator Filter,645,158,775,5583.4,19,6,V004,CarePlus Distributors,4918.34,33.94736842105263,Low
2927,Surgical Supplies,Sutures,64,22,98,81.81,33,2,V005,PrimeMed Supply Chain,67.44,1.9393939393939394,High
2928,IV & Emergency Supplies,Oxygen Mask,133,28,224,325.53,88,5,V002,EquipMed Co.,348.4,1.5113636363636365,High
2929,Surgical Supplies,Surgical Gloves,1052,300,2495,27.92,386,4,V005,PrimeMed Supply Chain,28.61,2.7253886010362693,High
2930,Equipment/Consumables,BP Monitor Cuff,677,200,961,18395.8,35,5,V004,CarePlus Distributors,15350.22,19.34285714285714,Low
2931,Medicines,Painkiller,1522,329,3374,449.07,25,13,V004,CarePlus Distributors,436.89,60.88,Low
2932,IV & Emergency Supplies,Emergency Kit,755,123,1161,755.1,34,3,V001,MedSupplies Inc.,625.94,22.205882352941178,Low
2933,Diagnostic Supplies,Blood Collection Tube,190,47,243,162.83,62,5,V001,MedSupplies Inc.,154.91,3.064516129032258,High
2934,Equipment/Consumables,BP Monitor Cuff,323,112,651,269.37,37,5,V002,EquipMed Co.,259.55,8.72972972972973,Medium
2935,IV & Emergency Supplies,Oxygen Mask,82,17,101,118.64,126,2,V002,EquipMed Co.,100.08,0.6507936507936508,High
2936,Diagnostic Supplies,Reagent,204,36,443,150.58,74,8,V005,PrimeMed Supply Chain,146.44,2.7567567567567566,High
2937,IV & Emergency Supplies,Emergency Kit,141,22,189,557.09,89,4,V004,CarePlus Distributors,599.95,1.5842696629213484,High
2938,Equipment/Consumables,Small Equipment,54,18,104,13276.54,12,6,V002,EquipMed Co.,10986.76,4.5,High
2939,Medicines,Antibiotic,272,70,632,437.25,11,10,V004,CarePlus Distributors,466.86,24.727272727272727,Low
2940,Surgical Supplies,Surgical Gloves,893,241,1245,91.79,204,5,V002,EquipMed Co.,99.43,4.377450980392157,High
2941,Medicines,Antibiotic,475,87,1000,339.43,59,7,V005,PrimeMed Supply Chain,346.42,8.05084745762712,Medium
2942,Surgical Supplies,Syringes,341,100,530,22.61,140,3,V002,EquipMed Co.,18.58,2.4357142857142855,High
2943,Surgical Supplies,Gauze,13827,2990,17091,95.91,353,7,V002,EquipMed Co.,93.73,39.169971671388105,Low
2944,IV & Emergency Supplies,Cannula,450,112,838,573.33,116,2,V005,PrimeMed Supply Chain,621.33,3.8793103448275863,Medium
2945,Diagnostic Supplies,X-ray Film,234,32,348,561.93,6,19,V005,PrimeMed Supply Chain,608.05,39.0,Low
2946,Equipment/Consumables,Thermometer,2560,833,5862,18749.28,59,14,V003,HealthTools Ltd.,18869.19,43.389830508474574,Low
2947,IV & Emergency Supplies,Oxygen Mask,152,43,202,485.49,96,3,V005,PrimeMed Supply Chain,407.58,1.5833333333333333,High
2948,Diagnostic Supplies,Test Kit,673,92,965,262.76,24,9,V002,EquipMed Co.,236.15,28.041666666666668,Low
2949,Equipment/Consumables,Ventilator Filter,96,31,193,12889.28,30,7,V005,PrimeMed Supply Chain,13203.82,3.2,High
2950,Medicines,Antihistamine,10257,3203,20597,252.46,132,10,V003,HealthTools Ltd.,253.34,77.70454545454545,Low
2951,Surgical Supplies,Sutures,5654,1521,11658,85.27,224,4,V003,HealthTools Ltd.,75.41,25.241071428571427,Low
2952,IV & Emergency Supplies,IV Fluid,3808,917,7966,507.45,180,4,V002,EquipMed Co.,407.83,21.155555555555555,Low
2953,Equipment/Consumables,Ventilator Filter,50,16,112,7190.44,53,3,V001,MedSupplies Inc.,6878.34,0.9433962264150944,High
2954,Surgical Supplies,Gauze,2718,418,4126,97.83,326,4,V003,HealthTools Ltd.,93.76,8.337423312883436,Low
2955,Diagnostic Supplies,Reagent,801,275,1126,74.71,33,16,V001,MedSupplies Inc.,67.97,24.272727272727273,Medium
2956,Equipment/Consumables,Small Equipment,279,31,620,2939.28,32,4,V005,PrimeMed Supply Chain,2447.72,8.71875,Low
2957,Equipment/Consumables,Small Equipment,58,6,96,17655.4,6,4,V005,PrimeMed Supply Chain,14214.73,9.666666666666666,Low
2958,Equipment/Consumables,Ventilator Filter,738,227,1708,11250.26,27,11,V005,PrimeMed Supply Chain,9424.63,27.333333333333332,Low
2959,Surgical Supplies,Surgical Gloves,3850,502,7196,54.72,359,9,V002,EquipMed Co.,58.39,10.724233983286908,Medium
2960,Equipment/Consumables,Small Equipment,395,64,913,4079.4,28,13,V002,EquipMed Co.,4323.49,14.107142857142858,Medium
2961,Medicines,Antibiotic,3686,867,7974,311.23,105,5,V005,PrimeMed Supply Chain,303.86,35.10476190476191,Low
2962,IV & Emergency Supplies,Defibrillator Pads,3283,342,3996,237.99,138,4,V004,CarePlus Distributors,197.17,23.78985507246377,Low
2963,Medicines,Antihistamine,12940,1537,29922,372.45,142,12,V002,EquipMed Co.,393.14,91.12676056338029,Low
2964,Diagnostic Supplies,Blood Collection Tube,362,91,577,307.58,58,6,V003,HealthTools Ltd.,288.83,6.241379310344827,Medium
2965,Surgical Supplies,Sutures,1957,338,3247,65.35,395,5,V005,PrimeMed Supply Chain,63.15,4.954430379746835,High
2966,Diagnostic Supplies,X-ray Film,300,61,482,74.03,76,12,V002,EquipMed Co.,70.37,3.9473684210526314,High
2967,Surgical Supplies,Sutures,327,97,759,79.81,348,2,V004,CarePlus Distributors,82.26,0.9396551724137931,High
2968,Diagnostic Supplies,X-ray Film,2911,915,6236,507.99,31,12,V003,HealthTools Ltd.,422.93,93.90322580645162,Low
2969,Diagnostic Supplies,Test Kit,1492,215,2840,358.28,67,6,V004,CarePlus Distributors,324.57,22.26865671641791,Low
2970,IV & Emergency Supplies,Oxygen Mask,56,18,105,756.71,80,2,V001,MedSupplies Inc.,801.5,0.7,High
2971,Equipment/Consumables,BP Monitor Cuff,449,104,871,14852.21,19,12,V003,HealthTools Ltd.,12283.33,23.63157894736842,Medium
2972,Diagnostic Supplies,Test Kit,3116,635,5170,340.26,68,6,V003,HealthTools Ltd.,356.93,45.8235294117647,Low
2973,Medicines,Antiviral,643,179,1510,339.08,41,12,V001,MedSupplies Inc.,304.5,15.682926829268293,Medium
2974,Medicines,Antihistamine,1930,337,3641,216.38,83,5,V004,CarePlus Distributors,194.38,23.253012048192772,Low
2975,Medicines,Painkiller,396,131,540,207.82,18,5,V004,CarePlus Distributors,219.53,22.0,Low
2976,IV & Emergency Supplies,IV Fluid,260,52,452,413.44,43,5,V005,PrimeMed Supply Chain,413.12,6.046511627906977,Medium
2977,IV & Emergency Supplies,Defibrillator Pads,786,122,1797,626.76,109,3,V001,MedSupplies Inc.,546.4,7.2110091743119265,Low
2978,IV & Emergency Supplies,Emergency Kit,2014,619,4087,89.53,54,5,V005,PrimeMed Supply Chain,84.05,37.2962962962963,Low
2979,Diagnostic Supplies,X-ray Film,206,65,285,87.02,36,8,V002,EquipMed Co.,92.47,5.722222222222222,High
2980,Diagnostic Supplies,X-ray Film,979,259,1604,586.85,42,10,V004,CarePlus Distributors,509.97,23.30952380952381,Low
2981,Surgical Supplies,Surgical Gloves,5441,1496,10375,99.96,391,6,V001,MedSupplies Inc.,105.3,13.915601023017903,Low
2982,Medicines,Antiviral,257,59,562,417.96,116,3,V005,PrimeMed Supply Chain,403.29,2.2155172413793105,High
2983,Medicines,Antiviral,655,151,1403,58.22,24,6,V005,PrimeMed Supply Chain,60.86,27.291666666666668,Low
2984,Medicines,Antibiotic,874,133,1893,485.9,53,10,V002,EquipMed Co.,394.61,16.49056603773585,Medium
2985,IV & Emergency Supplies,Emergency Kit,276,55,676,600.83,79,3,V003,HealthTools Ltd.,566.18,3.4936708860759493,Medium
2986,Medicines,Antihistamine,1478,482,3536,235.68,100,9,V001,MedSupplies Inc.,234.28,14.78,Medium
2987,Medicines,Insulin,2366,410,3513,414.46,143,10,V002,EquipMed Co.,384.8,16.545454545454547,Medium
2988,Surgical Supplies,Sutures,619,74,1248,32.51,173,3,V003,HealthTools Ltd.,27.21,3.578034682080925,Medium
2989,Equipment/Consumables,Small Equipment,698,71,1510,320.7,26,10,V003,HealthTools Ltd.,303.91,26.846153846153847,Low
2990,IV & Emergency Supplies,IV Fluid,124,16,280,425.92,154,2,V002,EquipMed Co.,349.06,0.8051948051948052,High
2991,Medicines,Antiviral,160,35,211,477.24,8,11,V004,CarePlus Distributors,410.82,20.0,Medium
2992,Equipment/Consumables,Ventilator Filter,1705,467,3598,8420.04,24,10,V004,CarePlus Distributors,7779.97,71.04166666666667,Low
2993,Equipment/Consumables,Ventilator Filter,620,111,1205,3474.41,20,5,V004,CarePlus Distributors,2951.24,31.0,Low
2994,IV & Emergency Supplies,Defibrillator Pads,4493,1458,8651,543.59,116,6,V001,MedSupplies Inc.,586.03,38.73275862068966,Low
2995,Diagnostic Supplies,Test Kit,6218,1311,7830,287.61,50,16,V004,CarePlus Distributors,242.52,124.36,Low
2996,Medicines,Antihistamine,216,26,269,440.63,130,4,V001,MedSupplies Inc.,404.36,1.6615384615384616,High
2997,Diagnostic Supplies,X-ray Film,132,23,311,484.27,7,8,V002,EquipMed Co.,409.71,18.857142857142858,Low
2998,Medicines,Antibiotic,2295,236,4441,45.39,147,7,V001,MedSupplies Inc.,36.82,15.612244897959183,Low
2999,IV & Emergency Supplies,Emergency Kit,339,57,740,579.51,72,6,V002,EquipMed Co.,608.37,4.708333333333333,High
3000,Equipment/Consumables,Thermometer,46,8,97,14645.88,31,5,V001,MedSupplies Inc.,15127.55,1.4838709677419355,High
3001,Medicines,Painkiller,1796,246,3873,434.6,147,13,V005,PrimeMed Supply Chain,394.95,12.217687074829932,High
3002,Medicines,Painkiller,1505,233,2542,377.38,42,13,V005,PrimeMed Supply Chain,314.67,35.833333333333336,Low
3003,IV & Emergency Supplies,Emergency Kit,400,124,807,80.4,125,3,V002,EquipMed Co.,85.61,3.2,Medium
3004,Diagnostic Supplies,Test Kit,3939,689,5434,439.04,37,14,V004,CarePlus Distributors,399.31,106.45945945945945,Low
3005,Surgical Supplies,Surgical Gloves,1981,657,3853,85.16,331,6,V002,EquipMed Co.,80.36,5.984894259818731,High
3006,Diagnostic Supplies,Test Kit,1915,215,3495,158.64,36,7,V003,HealthTools Ltd.,163.87,53.19444444444444,Low
3007,IV & Emergency Supplies,Emergency Kit,595,167,851,512.83,44,2,V003,HealthTools Ltd.,548.51,13.522727272727273,Low
3008,Surgical Supplies,Surgical Gloves,7312,763,13808,28.12,366,6,V002,EquipMed Co.,29.71,19.97814207650273,Low
3009,Surgical Supplies,Gauze,3023,417,6560,96.79,49,9,V003,HealthTools Ltd.,103.23,61.69387755102041,Low
3010,Medicines,Painkiller,4018,1326,7685,54.35,88,8,V005,PrimeMed Supply Chain,59.4,45.65909090909091,Low
3011,Equipment/Consumables,Ventilator Filter,372,94,615,12058.98,55,3,V001,MedSupplies Inc.,9989.63,6.763636363636364,Low
3012,Medicines,Antibiotic,454,46,883,208.35,107,4,V003,HealthTools Ltd.,218.23,4.242990654205608,Medium
3013,Surgical Supplies,Surgical Mask,9857,1008,11875,65.56,306,8,V001,MedSupplies Inc.,62.44,32.212418300653596,Low
3014,Medicines,Antibiotic,347,49,615,285.26,116,7,V003,HealthTools Ltd.,254.81,2.9913793103448274,High
3015,Equipment/Consumables,Small Equipment,380,52,862,5840.84,20,6,V003,HealthTools Ltd.,5553.96,19.0,Low
3016,Equipment/Consumables,Small Equipment,22,4,50,12026.79,5,6,V003,HealthTools Ltd.,12863.32,4.4,High
3017,Surgical Supplies,Gauze,4252,483,9868,4.27,264,5,V004,CarePlus Distributors,3.99,16.106060606060606,Low
3018,Surgical Supplies,Syringes,2039,406,4947,8.29,169,5,V003,HealthTools Ltd.,7.25,12.065088757396449,Low
3019,Diagnostic Supplies,Reagent,2911,475,7019,23.2,52,9,V004,CarePlus Distributors,20.71,55.98076923076923,Low
3020,Equipment/Consumables,Thermometer,1427,193,2773,17522.74,56,10,V005,PrimeMed Supply Chain,15279.92,25.482142857142858,Low
3021,Medicines,Insulin,844,244,1463,133.66,107,7,V001,MedSupplies Inc.,142.34,7.88785046728972,Medium
3022,IV & Emergency Supplies,IV Fluid,342,50,709,781.18,28,2,V004,CarePlus Distributors,658.91,12.214285714285714,Low
3023,Equipment/Consumables,Ventilator Filter,741,108,1539,6210.87,12,11,V005,PrimeMed Supply Chain,5970.59,61.75,Low
3024,Diagnostic Supplies,Blood Collection Tube,519,122,1018,481.73,63,10,V004,CarePlus Distributors,514.87,8.238095238095237,High
3025,IV & Emergency Supplies,Emergency Kit,604,186,977,17.11,117,4,V005,PrimeMed Supply Chain,17.35,5.162393162393163,Medium
3026,Diagnostic Supplies,Blood Collection Tube,276,88,415,159.63,24,10,V003,HealthTools Ltd.,141.36,11.5,Medium
3027,Diagnostic Supplies,X-ray Film,2553,803,3089,158.83,73,6,V001,MedSupplies Inc.,128.16,34.97260273972603,Low
3028,IV & Emergency Supplies,Cannula,3390,805,5642,105.58,114,6,V003,HealthTools Ltd.,100.89,29.736842105263158,Low
3029,Surgical Supplies,Sutures,2807,573,4129,92.8,265,6,V002,EquipMed Co.,88.43,10.592452830188678,Medium
3030,Equipment/Consumables,Thermometer,201,53,264,19710.69,17,13,V004,CarePlus Distributors,17191.26,11.823529411764707,High
3031,Medicines,Insulin,489,75,825,387.89,40,8,V004,CarePlus Distributors,384.61,12.225,Medium
3032,Equipment/Consumables,Small Equipment,1719,535,3244,780.78,31,7,V005,PrimeMed Supply Chain,760.57,55.45161290322581,Low
3033,IV & Emergency Supplies,IV Fluid,233,71,381,149.76,157,2,V001,MedSupplies Inc.,147.18,1.484076433121019,High
3034,IV & Emergency Supplies,IV Fluid,348,39,661,150.11,169,6,V005,PrimeMed Supply Chain,146.21,2.059171597633136,High
3035,Equipment/Consumables,Small Equipment,214,38,485,17836.59,42,9,V003,HealthTools Ltd.,18070.56,5.095238095238095,High
3036,Medicines,Insulin,1575,220,2165,17.38,42,6,V003,HealthTools Ltd.,15.94,37.5,Low
3037,Equipment/Consumables,Thermometer,122,24,199,3078.66,31,10,V003,HealthTools Ltd.,2790.46,3.935483870967742,High
3038,Surgical Supplies,Gauze,306,55,752,52.7,113,2,V004,CarePlus Distributors,44.71,2.7079646017699117,Medium
3039,Diagnostic Supplies,Blood Collection Tube,5625,1076,11802,51.74,74,19,V001,MedSupplies Inc.,46.29,76.01351351351352,Low
3040,Diagnostic Supplies,X-ray Film,159,50,250,380.51,20,12,V002,EquipMed Co.,349.58,7.95,High
3041,Diagnostic Supplies,X-ray Film,149,18,270,546.43,30,13,V004,CarePlus Distributors,540.88,4.966666666666667,High
3042,Surgical Supplies,Surgical Gloves,1205,353,1868,70.95,372,4,V002,EquipMed Co.,76.48,3.239247311827957,High
3043,Medicines,Insulin,1495,299,3399,486.38,106,9,V001,MedSupplies Inc.,521.38,14.10377358490566,Medium
3044,Surgical Supplies,Syringes,1395,421,2988,75.17,74,9,V003,HealthTools Ltd.,60.97,18.85135135135135,Low
3045,Diagnostic Supplies,Reagent,867,259,1682,555.66,21,18,V004,CarePlus Distributors,538.4,41.285714285714285,Low
3046,Diagnostic Supplies,Test Kit,137,24,204,269.31,12,5,V005,PrimeMed Supply Chain,267.39,11.416666666666666,Low
3047,Surgical Supplies,Surgical Gloves,3571,1116,6982,30.78,306,2,V004,CarePlus Distributors,26.8,11.669934640522875,Low
3048,Medicines,Antihistamine,1177,138,2362,14.6,120,13,V003,HealthTools Ltd.,15.36,9.808333333333334,High
3049,Surgical Supplies,Gauze,2969,686,5387,69.83,168,3,V002,EquipMed Co.,73.47,17.672619047619047,Low
3050,Diagnostic Supplies,Reagent,3754,1111,6432,367.4,52,11,V004,CarePlus Distributors,323.03,72.1923076923077,Low
3051,Medicines,Antibiotic,181,61,345,216.25,97,3,V004,CarePlus Distributors,234.64,1.865979381443299,High
3052,Equipment/Consumables,Small Equipment,1128,207,2819,3863.93,56,9,V004,CarePlus Distributors,4208.75,20.142857142857142,Low
3053,Diagnostic Supplies,X-ray Film,515,116,818,451.42,34,7,V004,CarePlus Distributors,436.98,15.147058823529411,Low
3054,Medicines,Antibiotic,2941,304,4898,101.92,120,11,V003,HealthTools Ltd.,90.28,24.508333333333333,Low
3055,Surgical Supplies,Surgical Gloves,3113,892,4367,37.95,210,6,V002,EquipMed Co.,31.12,14.823809523809524,Low
3056,Diagnostic Supplies,X-ray Film,869,297,1509,150.43,76,13,V002,EquipMed Co.,120.99,11.43421052631579,High
3057,Diagnostic Supplies,Blood Collection Tube,4635,895,6995,329.23,65,10,V005,PrimeMed Supply Chain,270.95,71.3076923076923,Low
3058,Medicines,Antiviral,747,241,1574,399.76,51,11,V005,PrimeMed Supply Chain,363.83,14.647058823529411,Medium
3059,IV & Emergency Supplies,Oxygen Mask,27,7,54,642.24,28,2,V004,CarePlus Distributors,654.25,0.9642857142857143,High
3060,Surgical Supplies,Surgical Gloves,695,135,1102,28.91,167,8,V003,HealthTools Ltd.,29.83,4.161676646706587,High
3061,Diagnostic Supplies,Reagent,308,71,578,65.16,12,11,V001,MedSupplies Inc.,65.68,25.666666666666668,Low
3062,Medicines,Painkiller,430,87,938,41.73,23,11,V003,HealthTools Ltd.,34.94,18.695652173913043,Medium
3063,IV & Emergency Supplies,IV Fluid,305,76,665,210.15,163,5,V002,EquipMed Co.,219.52,1.8711656441717792,High
3064,Surgical Supplies,Gauze,6431,2044,13428,74.2,272,9,V003,HealthTools Ltd.,69.71,23.643382352941178,Low
3065,IV & Emergency Supplies,Defibrillator Pads,339,65,419,616.03,130,4,V004,CarePlus Distributors,590.85,2.6076923076923078,High
3066,IV & Emergency Supplies,Emergency Kit,129,30,322,717.24,41,2,V003,HealthTools Ltd.,611.05,3.1463414634146343,Medium
3067,Equipment/Consumables,Ventilator Filter,408,137,801,6189.99,55,8,V001,MedSupplies Inc.,6480.86,7.418181818181818,High
3068,Equipment/Consumables,Small Equipment,433,113,528,9573.65,13,7,V002,EquipMed Co.,8374.37,33.30769230769231,Low
3069,Medicines,Antiviral,870,218,1931,348.53,124,8,V005,PrimeMed Supply Chain,382.89,7.016129032258065,High
3070,Diagnostic Supplies,X-ray Film,109,33,263,247.27,7,16,V004,CarePlus Distributors,214.89,15.571428571428571,High
3071,IV & Emergency Supplies,Defibrillator Pads,854,138,1859,618.09,199,3,V004,CarePlus Distributors,514.44,4.291457286432161,Medium
3072,Equipment/Consumables,Small Equipment,378,81,902,15280.5,57,11,V002,EquipMed Co.,13189.99,6.631578947368421,High
3073,Equipment/Consumables,Ventilator Filter,1152,266,2738,1176.64,54,5,V004,CarePlus Distributors,1001.03,21.333333333333332,Low
3074,Medicines,Antihistamine,459,84,1104,301.28,105,3,V001,MedSupplies Inc.,323.97,4.371428571428571,Medium
3075,Diagnostic Supplies,Test Kit,321,53,722,150.41,50,15,V001,MedSupplies Inc.,153.37,6.42,High
3076,Diagnostic Supplies,X-ray Film,5027,1679,6833,266.56,59,17,V003,HealthTools Ltd.,271.32,85.20338983050847,Low
3077,IV & Emergency Supplies,Oxygen Mask,679,82,852,35.06,172,2,V001,MedSupplies Inc.,37.76,3.947674418604651,Medium
3078,IV & Emergency Supplies,Emergency Kit,150,36,223,448.7,43,4,V004,CarePlus Distributors,434.53,3.488372093023256,High
3079,Equipment/Consumables,BP Monitor Cuff,150,31,263,993.19,22,6,V002,EquipMed Co.,1015.68,6.818181818181818,Medium
3080,Surgical Supplies,Surgical Mask,2579,706,5823,8.32,358,4,V002,EquipMed Co.,8.17,7.20391061452514,Medium
3081,Medicines,Antihistamine,194,55,367,144.59,80,3,V002,EquipMed Co.,155.5,2.425,High
3082,Medicines,Antibiotic,4012,968,7504,216.33,96,8,V004,CarePlus Distributors,235.03,41.791666666666664,Low
3083,Equipment/Consumables,Small Equipment,1029,298,1314,13497.8,39,12,V003,HealthTools Ltd.,11367.1,26.384615384615383,Low
3084,Medicines,Insulin,1496,433,3692,286.68,49,4,V003,HealthTools Ltd.,279.83,30.53061224489796,Low
3085,Diagnostic Supplies,Test Kit,348,97,741,467.43,79,12,V004,CarePlus Distributors,455.34,4.405063291139241,High
3086,Surgical Supplies,Surgical Mask,2406,722,5249,50.17,323,2,V003,HealthTools Ltd.,49.36,7.4489164086687305,Low
3087,Medicines,Antibiotic,1892,355,3421,264.15,27,9,V003,HealthTools Ltd.,238.63,70.07407407407408,Low
3088,Medicines,Insulin,154,53,285,248.74,19,12,V002,EquipMed Co.,267.93,8.105263157894736,High
3089,Medicines,Painkiller,290,89,460,462.75,33,9,V001,MedSupplies Inc.,469.03,8.787878787878787,High
3090,Equipment/Consumables,Ventilator Filter,103,29,135,13791.93,21,3,V005,PrimeMed Supply Chain,14669.4,4.904761904761905,Medium
3091,Surgical Supplies,Gauze,1019,298,2261,46.22,349,3,V001,MedSupplies Inc.,45.43,2.9197707736389686,High
3092,IV & Emergency Supplies,Oxygen Mask,553,161,1338,634.57,26,3,V001,MedSupplies Inc.,575.81,21.26923076923077,Low
3093,Surgical Supplies,Syringes,2969,932,6454,20.97,109,5,V005,PrimeMed Supply Chain,22.81,27.238532110091743,Low
3094,Equipment/Consumables,Small Equipment,38,5,49,6866.47,8,7,V004,CarePlus Distributors,7380.49,4.75,High
3095,Medicines,Antihistamine,1698,299,3093,264.95,101,9,V005,PrimeMed Supply Chain,231.29,16.81188118811881,Medium
3096,Equipment/Consumables,BP Monitor Cuff,712,117,1133,4488.32,25,4,V004,CarePlus Distributors,4336.48,28.48,Low
3097,Equipment/Consumables,Thermometer,4331,1302,9057,11031.05,53,14,V001,MedSupplies Inc.,10168.13,81.71698113207547,Low
3098,Surgical Supplies,Syringes,9804,2322,22879,60.24,241,7,V004,CarePlus Distributors,57.25,40.6804979253112,Low
3099,IV & Emergency Supplies,Oxygen Mask,1645,288,2878,248.92,48,6,V005,PrimeMed Supply Chain,231.6,34.270833333333336,Low
3100,IV & Emergency Supplies,Emergency Kit,179,52,439,48.75,133,4,V003,HealthTools Ltd.,43.14,1.3458646616541354,High
3101,Medicines,Antibiotic,703,176,1671,258.12,31,13,V003,HealthTools Ltd.,275.9,22.677419354838708,Medium
3102,Medicines,Antihistamine,1461,260,3417,423.81,107,7,V005,PrimeMed Supply Chain,392.17,13.654205607476635,Medium
3103,Diagnostic Supplies,X-ray Film,2044,278,2840,91.18,37,12,V005,PrimeMed Supply Chain,98.93,55.24324324324324,Low
3104,Medicines,Antiviral,3163,843,5192,107.07,58,11,V002,EquipMed Co.,97.84,54.53448275862069,Low
3105,Medicines,Antibiotic,106,23,142,412.28,7,11,V002,EquipMed Co.,349.49,15.142857142857142,Medium
3106,Medicines,Antihistamine,263,29,567,134.58,32,11,V003,HealthTools Ltd.,135.66,8.21875,High
3107,Equipment/Consumables,Ventilator Filter,165,29,344,4224.15,54,8,V004,CarePlus Distributors,3481.52,3.0555555555555554,High
3108,Equipment/Consumables,Thermometer,157,38,372,14132.04,13,8,V001,MedSupplies Inc.,12925.41,12.076923076923077,Medium
3109,Medicines,Antihistamine,1037,237,1274,131.76,70,13,V003,HealthTools Ltd.,115.77,14.814285714285715,Medium
3110,Equipment/Consumables,Ventilator Filter,193,26,340,5777.84,19,11,V003,HealthTools Ltd.,6342.72,10.157894736842104,High
3111,Surgical Supplies,Gauze,3867,930,7542,65.79,258,9,V001,MedSupplies Inc.,66.67,14.988372093023257,Medium
3112,Diagnostic Supplies,Test Kit,2139,585,3628,516.16,75,13,V003,HealthTools Ltd.,566.77,28.52,Low
3113,Surgical Supplies,Gauze,477,92,1102,59.06,30,3,V005,PrimeMed Supply Chain,55.79,15.9,Low
3114,IV & Emergency Supplies,Oxygen Mask,111,17,162,603.35,80,2,V002,EquipMed Co.,487.39,1.3875,High
3115,Surgical Supplies,Gauze,5355,1007,10552,28.0,372,2,V004,CarePlus Distributors,26.56,14.39516129032258,Low
3116,Equipment/Consumables,BP Monitor Cuff,1278,239,1767,18310.84,32,10,V001,MedSupplies Inc.,15608.48,39.9375,Low
3117,Diagnostic Supplies,X-ray Film,822,262,1660,526.88,34,13,V004,CarePlus Distributors,557.78,24.176470588235293,Medium
3118,IV & Emergency Supplies,IV Fluid,1360,231,2599,281.56,94,3,V003,HealthTools Ltd.,277.15,14.46808510638298,Low
3119,Equipment/Consumables,Ventilator Filter,53,5,125,15174.54,4,14,V003,HealthTools Ltd.,13368.15,13.25,High
3120,Medicines,Insulin,495,104,743,113.55,80,9,V003,HealthTools Ltd.,99.78,6.1875,High
3121,Equipment/Consumables,Small Equipment,59,16,112,14520.39,5,14,V004,CarePlus Distributors,15736.53,11.8,High
3122,Diagnostic Supplies,Reagent,3397,1048,4282,385.46,31,15,V001,MedSupplies Inc.,313.75,109.58064516129032,Low
3123,Equipment/Consumables,Ventilator Filter,236,44,310,11624.97,36,13,V001,MedSupplies Inc.,11036.87,6.555555555555555,High
3124,Surgical Supplies,Gauze,832,144,2009,25.78,189,2,V003,HealthTools Ltd.,27.45,4.402116402116402,Low
3125,Medicines,Insulin,865,164,1381,420.2,146,8,V003,HealthTools Ltd.,424.26,5.924657534246576,High
3126,Diagnostic Supplies,Blood Collection Tube,287,63,705,581.56,18,16,V001,MedSupplies Inc.,537.23,15.944444444444445,High
3127,Medicines,Antihistamine,4184,1154,9253,475.08,112,10,V005,PrimeMed Supply Chain,419.28,37.357142857142854,Low
3128,Diagnostic Supplies,Test Kit,302,70,692,560.29,30,8,V004,CarePlus Distributors,475.6,10.066666666666666,Medium
3129,Diagnostic Supplies,Test Kit,274,43,524,276.89,27,14,V003,HealthTools Ltd.,226.92,10.148148148148149,High
3130,Medicines,Painkiller,428,88,563,80.87,115,5,V005,PrimeMed Supply Chain,69.85,3.7217391304347824,High
3131,Diagnostic Supplies,X-ray Film,94,12,169,120.51,11,7,V005,PrimeMed Supply Chain,99.84,8.545454545454545,Medium
3132,IV & Emergency Supplies,Defibrillator Pads,1265,169,3035,47.42,141,5,V003,HealthTools Ltd.,46.09,8.97163120567376,Medium
3133,Surgical Supplies,Surgical Mask,511,59,886,34.34,383,2,V002,EquipMed Co.,32.36,1.3342036553524803,High
3134,Surgical Supplies,Syringes,642,167,1176,53.33,140,3,V002,EquipMed Co.,53.86,4.585714285714285,Medium
3135,Medicines,Insulin,686,222,1465,327.84,27,7,V003,HealthTools Ltd.,265.78,25.40740740740741,Low
3136,Surgical Supplies,Gauze,175,25,276,66.5,194,2,V002,EquipMed Co.,70.22,0.9020618556701031,High
3137,Medicines,Painkiller,401,78,630,363.54,13,13,V004,CarePlus Distributors,357.5,30.846153846153847,Low
3138,IV & Emergency Supplies,Oxygen Mask,1115,205,2709,162.52,31,5,V002,EquipMed Co.,150.27,35.96774193548387,Low
3139,Surgical Supplies,Sutures,19176,3889,34528,53.95,360,8,V002,EquipMed Co.,53.36,53.266666666666666,Low
3140,Medicines,Painkiller,687,145,1613,231.8,69,5,V001,MedSupplies Inc.,235.99,9.956521739130435,Medium
3141,IV & Emergency Supplies,Oxygen Mask,350,106,763,793.68,96,4,V001,MedSupplies Inc.,862.59,3.6458333333333335,High
3142,Medicines,Antibiotic,3245,839,6305,497.41,131,7,V003,HealthTools Ltd.,447.27,24.770992366412212,Low
3143,Diagnostic Supplies,Blood Collection Tube,357,103,642,558.85,19,11,V004,CarePlus Distributors,526.19,18.789473684210527,Medium
3144,IV & Emergency Supplies,Oxygen Mask,1585,367,2873,437.45,185,3,V002,EquipMed Co.,431.7,8.567567567567568,Low
3145,Surgical Supplies,Surgical Gloves,4223,563,7394,22.67,244,7,V003,HealthTools Ltd.,21.04,17.307377049180328,Low
3146,Diagnostic Supplies,Blood Collection Tube,4440,1353,6275,75.66,35,17,V002,EquipMed Co.,76.13,126.85714285714286,Low
3147,IV & Emergency Supplies,Defibrillator Pads,758,227,975,395.44,146,4,V005,PrimeMed Supply Chain,346.26,5.191780821917808,Medium
3148,Equipment/Consumables,Ventilator Filter,221,23,282,5411.33,22,7,V002,EquipMed Co.,4412.61,10.045454545454545,Medium
3149,Surgical Supplies,Syringes,6450,1021,13626,27.8,323,9,V001,MedSupplies Inc.,24.48,19.96904024767802,Low
3150,Medicines,Antibiotic,2839,697,3504,388.5,115,6,V002,EquipMed Co.,389.24,24.68695652173913,Low
3151,Medicines,Antibiotic,421,116,518,422.91,42,13,V004,CarePlus Distributors,423.1,10.023809523809524,High
3152,Surgical Supplies,Surgical Mask,3289,421,5470,54.88,129,5,V002,EquipMed Co.,49.23,25.496124031007753,Low
3153,Medicines,Painkiller,263,87,348,116.98,14,9,V002,EquipMed Co.,110.86,18.785714285714285,Low
3154,Medicines,Antibiotic,1574,284,3317,429.27,125,13,V004,CarePlus Distributors,362.32,12.592,High
3155,Diagnostic Supplies,Blood Collection Tube,104,17,258,291.97,14,7,V002,EquipMed Co.,253.15,7.428571428571429,Medium
3156,Medicines,Antihistamine,2889,835,6981,470.5,138,11,V005,PrimeMed Supply Chain,420.78,20.934782608695652,Medium
3157,Medicines,Antibiotic,368,88,462,472.85,37,9,V002,EquipMed Co.,499.49,9.945945945945946,Medium
3158,IV & Emergency Supplies,Cannula,178,36,266,792.06,98,3,V001,MedSupplies Inc.,702.49,1.816326530612245,High
3159,Equipment/Consumables,Thermometer,242,59,381,16555.99,34,9,V003,HealthTools Ltd.,15853.43,7.117647058823529,High
3160,Equipment/Consumables,Small Equipment,837,216,1164,955.97,11,13,V005,PrimeMed Supply Chain,931.03,76.0909090909091,Low
3161,Medicines,Insulin,144,30,204,295.31,33,6,V004,CarePlus Distributors,240.4,4.363636363636363,High
3162,Surgical Supplies,Surgical Gloves,3001,873,6171,32.28,333,5,V001,MedSupplies Inc.,33.43,9.012012012012011,Medium
3163,Diagnostic Supplies,Test Kit,1700,382,3866,580.49,70,11,V004,CarePlus Distributors,536.19,24.285714285714285,Low
3164,Diagnostic Supplies,Reagent,578,72,727,366.9,11,11,V003,HealthTools Ltd.,352.09,52.54545454545455,Low
3165,Equipment/Consumables,Ventilator Filter,26,8,50,2991.94,5,4,V004,CarePlus Distributors,2506.98,5.2,Medium
3166,IV & Emergency Supplies,IV Fluid,338,103,699,376.27,39,6,V002,EquipMed Co.,341.04,8.666666666666666,Medium
3167,IV & Emergency Supplies,Oxygen Mask,572,60,1290,517.56,132,2,V002,EquipMed Co.,524.93,4.333333333333333,Low
3168,Equipment/Consumables,Small Equipment,224,66,555,11557.1,18,14,V005,PrimeMed Supply Chain,9583.06,12.444444444444445,High
3169,Diagnostic Supplies,Blood Collection Tube,1170,333,2001,209.93,34,5,V003,HealthTools Ltd.,210.8,34.411764705882355,Low
3170,Equipment/Consumables,BP Monitor Cuff,402,110,789,7455.53,24,9,V002,EquipMed Co.,6592.51,16.75,Medium
3171,Medicines,Painkiller,377,47,676,258.22,36,6,V005,PrimeMed Supply Chain,209.7,10.472222222222221,Medium
3172,Surgical Supplies,Surgical Gloves,1211,323,2571,68.29,124,2,V005,PrimeMed Supply Chain,61.47,9.766129032258064,Low
3173,Equipment/Consumables,Thermometer,59,20,90,5132.24,2,14,V003,HealthTools Ltd.,4467.6,29.5,Low
3174,Equipment/Consumables,BP Monitor Cuff,2154,285,5006,16553.45,39,7,V001,MedSupplies Inc.,13351.73,55.23076923076923,Low
3175,Equipment/Consumables,BP Monitor Cuff,247,64,406,2154.38,57,4,V004,CarePlus Distributors,2351.33,4.333333333333333,Medium
3176,Medicines,Antiviral,424,70,904,394.49,130,5,V005,PrimeMed Supply Chain,382.86,3.2615384615384615,High
3177,Diagnostic Supplies,Blood Collection Tube,27,7,48,24.08,7,6,V005,PrimeMed Supply Chain,22.87,3.857142857142857,High
3178,Surgical Supplies,Gauze,944,166,1176,23.05,342,5,V003,HealthTools Ltd.,19.64,2.760233918128655,High
3179,Medicines,Antihistamine,335,111,583,10.01,148,4,V005,PrimeMed Supply Chain,10.61,2.2635135135135136,High
3180,Diagnostic Supplies,Test Kit,3096,388,4419,218.08,50,15,V001,MedSupplies Inc.,219.03,61.92,Low
3181,Equipment/Consumables,BP Monitor Cuff,103,23,236,6937.69,49,4,V005,PrimeMed Supply Chain,6140.12,2.1020408163265305,High
3182,Diagnostic Supplies,Reagent,2639,618,6465,57.67,56,6,V004,CarePlus Distributors,59.86,47.125,Low
3183,Equipment/Consumables,Thermometer,706,228,1531,10148.67,13,11,V003,HealthTools Ltd.,10358.71,54.30769230769231,Low
3184,Medicines,Painkiller,3769,1174,6759,22.62,52,11,V001,MedSupplies Inc.,23.25,72.48076923076923,Low
3185,Medicines,Antihistamine,1399,313,2994,198.38,87,8,V003,HealthTools Ltd.,172.78,16.080459770114942,Low
3186,Equipment/Consumables,Thermometer,300,100,450,17508.73,21,11,V003,HealthTools Ltd.,15131.08,14.285714285714286,Medium
3187,Equipment/Consumables,BP Monitor Cuff,216,49,269,15040.92,16,14,V004,CarePlus Distributors,14922.43,13.5,High
3188,Equipment/Consumables,Small Equipment,815,91,1678,13303.76,44,13,V004,CarePlus Distributors,11270.74,18.522727272727273,Medium
3189,Surgical Supplies,Gauze,17213,2835,41479,72.71,326,8,V001,MedSupplies Inc.,58.93,52.80061349693251,Low
3190,Surgical Supplies,Syringes,9086,2095,15583,5.09,278,7,V005,PrimeMed Supply Chain,5.11,32.68345323741007,Low
3191,Surgical Supplies,Surgical Mask,675,152,946,20.85,123,8,V003,HealthTools Ltd.,19.81,5.487804878048781,High
3192,Surgical Supplies,Surgical Gloves,5090,1324,8129,78.34,260,9,V003,HealthTools Ltd.,65.19,19.576923076923077,Low
3193,Surgical Supplies,Syringes,3977,678,5791,97.88,221,4,V002,EquipMed Co.,88.16,17.995475113122172,Low
3194,Equipment/Consumables,Ventilator Filter,553,143,696,13633.35,49,8,V001,MedSupplies Inc.,11862.55,11.285714285714286,Medium
3195,Medicines,Painkiller,2400,350,5934,370.93,141,7,V001,MedSupplies Inc.,297.36,17.02127659574468,Low
3196,IV & Emergency Supplies,Cannula,72,15,179,59.06,31,5,V005,PrimeMed Supply Chain,60.12,2.3225806451612905,High
3197,Medicines,Painkiller,862,131,1130,133.95,38,13,V003,HealthTools Ltd.,125.98,22.68421052631579,Medium
3198,Diagnostic Supplies,Test Kit,474,81,940,423.93,24,14,V004,CarePlus Distributors,355.93,19.75,Medium
3199,Surgical Supplies,Gauze,1630,214,3607,78.61,129,5,V003,HealthTools Ltd.,73.1,12.635658914728682,Low
3200,IV & Emergency Supplies,Oxygen Mask,353,106,652,139.17,145,3,V001,MedSupplies Inc.,149.43,2.43448275862069,High
3201,Diagnostic Supplies,Test Kit,1175,142,2178,496.92,41,8,V002,EquipMed Co.,519.59,28.658536585365855,Low
3202,IV & Emergency Supplies,Oxygen Mask,475,80,650,685.78,77,6,V001,MedSupplies Inc.,678.57,6.1688311688311686,Medium
3203,Medicines,Antiviral,795,93,1239,230.02,53,12,V004,CarePlus Distributors,185.02,15.0,Medium
3204,Medicines,Painkiller,7254,1106,17902,253.99,121,10,V002,EquipMed Co.,259.94,59.950413223140494,Low
3205,IV & Emergency Supplies,Cannula,596,168,1465,437.14,95,4,V001,MedSupplies Inc.,468.05,6.273684210526316,Medium
3206,Surgical Supplies,Surgical Gloves,217,52,377,35.92,36,6,V005,PrimeMed Supply Chain,37.43,6.027777777777778,Medium
3207,IV & Emergency Supplies,IV Fluid,1485,224,1938,18.55,52,5,V004,CarePlus Distributors,19.91,28.557692307692307,Low
3208,IV & Emergency Supplies,IV Fluid,286,46,695,508.26,29,5,V001,MedSupplies Inc.,493.67,9.862068965517242,Medium
3209,Diagnostic Supplies,Blood Collection Tube,2799,506,4355,206.51,74,13,V003,HealthTools Ltd.,172.5,37.82432432432432,Low
3210,Diagnostic Supplies,Reagent,164,52,347,59.01,6,16,V002,EquipMed Co.,61.1,27.333333333333332,Medium
3211,Diagnostic Supplies,Blood Collection Tube,844,216,2045,240.39,64,19,V001,MedSupplies Inc.,195.28,13.1875,High
3212,Diagnostic Supplies,Reagent,183,54,301,74.64,36,7,V004,CarePlus Distributors,72.17,5.083333333333333,High
3213,Diagnostic Supplies,Reagent,2452,577,4545,97.65,60,17,V003,HealthTools Ltd.,83.17,40.86666666666667,Low
3214,Surgical Supplies,Surgical Mask,1203,405,1703,65.33,262,3,V004,CarePlus Distributors,68.2,4.591603053435114,Medium
3215,Medicines,Antibiotic,118,37,173,46.47,35,11,V003,HealthTools Ltd.,40.62,3.3714285714285714,High
3216,Equipment/Consumables,Ventilator Filter,60,10,148,13903.59,12,9,V003,HealthTools Ltd.,13067.63,5.0,High
3217,Diagnostic Supplies,X-ray Film,1088,370,2035,585.59,41,18,V001,MedSupplies Inc.,604.37,26.536585365853657,Medium
3218,Diagnostic Supplies,X-ray Film,194,53,395,507.62,14,15,V002,EquipMed Co.,421.71,13.857142857142858,High
3219,Surgical Supplies,Surgical Gloves,527,89,953,12.12,75,6,V001,MedSupplies Inc.,12.19,7.026666666666666,Medium
3220,Diagnostic Supplies,Test Kit,429,146,844,391.18,33,14,V001,MedSupplies Inc.,419.27,13.0,High
3221,IV & Emergency Supplies,Cannula,528,165,790,202.43,70,6,V001,MedSupplies Inc.,181.74,7.542857142857143,Medium
3222,IV & Emergency Supplies,Defibrillator Pads,375,55,482,131.22,96,3,V005,PrimeMed Supply Chain,132.47,3.90625,Medium
3223,IV & Emergency Supplies,Cannula,3338,1132,4204,599.82,121,4,V004,CarePlus Distributors,550.67,27.58677685950413,Low
3224,Surgical Supplies,Gauze,755,93,1108,77.17,107,4,V001,MedSupplies Inc.,83.96,7.05607476635514,Medium
3225,IV & Emergency Supplies,IV Fluid,602,200,1394,752.12,172,4,V005,PrimeMed Supply Chain,784.88,3.5,High
3226,Surgical Supplies,Surgical Gloves,1708,247,2395,31.26,363,3,V002,EquipMed Co.,28.18,4.705234159779614,Medium
3227,Surgical Supplies,Gauze,1217,209,1802,6.88,256,6,V004,CarePlus Distributors,5.54,4.75390625,High
3228,Medicines,Antibiotic,5941,1144,12483,297.83,141,11,V003,HealthTools Ltd.,249.32,42.13475177304964,Low
3229,Medicines,Antihistamine,145,19,259,293.62,97,3,V002,EquipMed Co.,245.86,1.4948453608247423,High
3230,IV & Emergency Supplies,Cannula,143,19,263,219.96,50,4,V001,MedSupplies Inc.,241.22,2.86,High
3231,Surgical Supplies,Surgical Gloves,1812,495,3367,14.5,195,4,V005,PrimeMed Supply Chain,15.69,9.292307692307693,Low
3232,IV & Emergency Supplies,IV Fluid,128,26,277,461.17,56,2,V005,PrimeMed Supply Chain,422.0,2.2857142857142856,Medium
3233,Surgical Supplies,Sutures,1555,361,3779,57.69,170,2,V003,HealthTools Ltd.,50.4,9.147058823529411,Low
3234,Equipment/Consumables,Ventilator Filter,3921,532,5015,8871.38,48,12,V002,EquipMed Co.,7946.56,81.6875,Low
3235,Equipment/Consumables,Thermometer,1009,213,2299,3104.22,12,11,V001,MedSupplies Inc.,2645.01,84.08333333333333,Low
3236,Medicines,Insulin,510,93,1077,142.85,44,9,V004,CarePlus Distributors,120.07,11.590909090909092,Medium
3237,Equipment/Consumables,Small Equipment,115,35,159,4836.64,13,8,V005,PrimeMed Supply Chain,5210.31,8.846153846153847,Medium
3238,Diagnostic Supplies,X-ray Film,299,73,580,42.45,23,8,V001,MedSupplies Inc.,39.94,13.0,Medium
3239,IV & Emergency Supplies,Cannula,308,58,658,412.61,129,4,V005,PrimeMed Supply Chain,394.53,2.387596899224806,High
3240,Medicines,Insulin,969,137,1416,114.3,47,9,V001,MedSupplies Inc.,120.25,20.617021276595743,Low
3241,Medicines,Antiviral,4215,1199,8063,225.04,144,8,V004,CarePlus Distributors,209.03,29.270833333333332,Low
3242,Diagnostic Supplies,X-ray Film,2296,356,5183,449.91,26,16,V003,HealthTools Ltd.,369.17,88.3076923076923,Low
3243,IV & Emergency Supplies,Cannula,1420,283,2582,466.96,199,3,V001,MedSupplies Inc.,472.98,7.135678391959799,Low
3244,IV & Emergency Supplies,IV Fluid,1277,384,2335,105.5,58,4,V004,CarePlus Distributors,94.2,22.017241379310345,Low
3245,IV & Emergency Supplies,Cannula,1792,585,3310,468.98,123,2,V002,EquipMed Co.,402.18,14.56910569105691,Low
3246,Medicines,Antibiotic,505,139,1128,267.94,42,4,V004,CarePlus Distributors,250.75,12.023809523809524,Low
3247,Diagnostic Supplies,X-ray Film,1604,282,3896,35.79,67,11,V004,CarePlus Distributors,35.58,23.940298507462686,Low
3248,Equipment/Consumables,Ventilator Filter,43,10,98,3755.11,11,4,V002,EquipMed Co.,4062.44,3.909090909090909,High
3249,Diagnostic Supplies,Reagent,85,13,212,126.66,8,11,V001,MedSupplies Inc.,114.27,10.625,High
3250,Surgical Supplies,Surgical Gloves,402,59,587,98.85,320,3,V004,CarePlus Distributors,97.07,1.25625,High
3251,Diagnostic Supplies,X-ray Film,440,153,1052,575.09,35,14,V003,HealthTools Ltd.,485.8,12.571428571428571,High
3252,Diagnostic Supplies,Blood Collection Tube,1964,284,3650,135.8,45,7,V005,PrimeMed Supply Chain,121.15,43.644444444444446,Low
3253,IV & Emergency Supplies,Cannula,190,44,404,568.29,69,3,V003,HealthTools Ltd.,464.57,2.753623188405797,High
3254,Equipment/Consumables,Thermometer,3514,1225,7837,988.1,40,11,V002,EquipMed Co.,1084.14,87.85,Low
3255,Equipment/Consumables,Small Equipment,499,93,823,11290.9,24,10,V005,PrimeMed Supply Chain,12106.43,20.791666666666668,Low
3256,IV & Emergency Supplies,Emergency Kit,572,101,968,421.19,103,5,V002,EquipMed Co.,360.66,5.553398058252427,Medium
3257,Equipment/Consumables,Ventilator Filter,233,54,481,1211.82,28,7,V003,HealthTools Ltd.,1103.76,8.321428571428571,Medium
3258,Medicines,Insulin,839,172,1262,26.2,90,11,V003,HealthTools Ltd.,21.01,9.322222222222223,High
3259,Equipment/Consumables,BP Monitor Cuff,42,10,86,12887.9,7,10,V005,PrimeMed Supply Chain,12120.36,6.0,High
3260,Diagnostic Supplies,Blood Collection Tube,944,156,1763,523.51,63,6,V004,CarePlus Distributors,569.89,14.984126984126984,Low
3261,Equipment/Consumables,BP Monitor Cuff,892,123,1231,11892.26,58,3,V002,EquipMed Co.,12087.34,15.379310344827585,Low
3262,Medicines,Antihistamine,488,107,602,142.94,97,3,V004,CarePlus Distributors,134.05,5.030927835051546,Medium
3263,Equipment/Consumables,Small Equipment,1121,350,1860,18925.11,18,8,V005,PrimeMed Supply Chain,19326.89,62.27777777777778,Low
3264,Equipment/Consumables,Small Equipment,1116,135,2579,12535.02,34,7,V001,MedSupplies Inc.,10377.1,32.8235294117647,Low
3265,Equipment/Consumables,Thermometer,340,99,813,5532.89,24,11,V005,PrimeMed Supply Chain,5506.65,14.166666666666666,Medium
3266,Surgical Supplies,Sutures,2422,641,3688,35.68,282,4,V002,EquipMed Co.,31.93,8.588652482269504,Low
3267,Medicines,Antiviral,6527,1234,8052,20.83,118,8,V003,HealthTools Ltd.,18.81,55.313559322033896,Low
3268,Surgical Supplies,Surgical Mask,7395,1256,16801,20.96,380,9,V005,PrimeMed Supply Chain,20.1,19.460526315789473,Low
3269,Surgical Supplies,Surgical Mask,1118,193,2557,56.34,338,2,V004,CarePlus Distributors,54.9,3.3076923076923075,Medium
3270,Medicines,Insulin,4221,1016,5325,378.94,130,10,V001,MedSupplies Inc.,311.36,32.46923076923077,Low
3271,Surgical Supplies,Surgical Mask,1644,536,3655,18.47,329,2,V005,PrimeMed Supply Chain,18.44,4.996960486322188,Low
3272,Surgical Supplies,Sutures,326,89,545,49.48,254,3,V001,MedSupplies Inc.,43.88,1.2834645669291338,High
3273,IV & Emergency Supplies,IV Fluid,81,26,147,255.48,35,6,V003,HealthTools Ltd.,242.87,2.3142857142857145,High
3274,Equipment/Consumables,Thermometer,146,25,343,6499.8,16,13,V005,PrimeMed Supply Chain,6216.26,9.125,High
3275,Medicines,Insulin,5814,1769,12125,149.75,111,11,V003,HealthTools Ltd.,139.73,52.37837837837838,Low
3276,Medicines,Antibiotic,644,97,833,363.8,58,12,V001,MedSupplies Inc.,292.44,11.10344827586207,High
3277,IV & Emergency Supplies,Oxygen Mask,777,181,1631,47.0,126,3,V003,HealthTools Ltd.,47.68,6.166666666666667,Low
3278,Diagnostic Supplies,Blood Collection Tube,708,145,1305,393.39,68,6,V001,MedSupplies Inc.,315.05,10.411764705882353,Medium
3279,Equipment/Consumables,Ventilator Filter,2237,558,4882,14482.49,37,9,V004,CarePlus Distributors,12428.42,60.45945945945946,Low
3280,Medicines,Painkiller,787,212,1221,34.49,129,4,V002,EquipMed Co.,29.84,6.10077519379845,Medium
3281,IV & Emergency Supplies,IV Fluid,325,84,558,714.14,87,6,V001,MedSupplies Inc.,627.26,3.735632183908046,High
3282,Surgical Supplies,Surgical Mask,197,34,330,33.65,280,2,V002,EquipMed Co.,28.82,0.7035714285714286,High
3283,Equipment/Consumables,Small Equipment,511,156,1041,19167.47,21,13,V003,HealthTools Ltd.,16920.42,24.333333333333332,Medium
3284,Equipment/Consumables,Thermometer,661,208,806,19886.52,21,4,V005,PrimeMed Supply Chain,20754.69,31.476190476190474,Low
3285,Diagnostic Supplies,Test Kit,269,90,616,272.42,15,11,V003,HealthTools Ltd.,257.27,17.933333333333334,Medium
3286,Surgical Supplies,Surgical Gloves,5655,1036,10289,26.16,371,2,V003,HealthTools Ltd.,24.46,15.242587601078167,Low
3287,Medicines,Insulin,6625,1269,13592,210.29,135,12,V004,CarePlus Distributors,183.96,49.074074074074076,Low
3288,Equipment/Consumables,Small Equipment,780,100,1308,13424.86,12,14,V005,PrimeMed Supply Chain,13289.36,65.0,Low
3289,Equipment/Consumables,Small Equipment,99,16,134,13820.34,38,4,V001,MedSupplies Inc.,15148.09,2.6052631578947367,High
3290,Medicines,Painkiller,2467,516,5261,183.93,124,13,V001,MedSupplies Inc.,151.31,19.89516129032258,Medium
3291,Medicines,Antibiotic,8485,2741,14615,53.5,131,10,V004,CarePlus Distributors,48.0,64.77099236641222,Low
3292,Medicines,Insulin,197,27,326,120.52,25,5,V003,HealthTools Ltd.,99.45,7.88,Medium
3293,Surgical Supplies,Gauze,1263,217,2334,62.18,112,2,V004,CarePlus Distributors,61.36,11.276785714285714,Low
3294,Equipment/Consumables,Ventilator Filter,301,53,730,2663.17,19,5,V001,MedSupplies Inc.,2496.18,15.842105263157896,Low
3295,Diagnostic Supplies,Test Kit,6101,2090,11643,139.65,62,14,V002,EquipMed Co.,143.54,98.40322580645162,Low
3296,Diagnostic Supplies,Reagent,74,22,153,195.44,13,19,V003,HealthTools Ltd.,203.04,5.6923076923076925,High
3297,IV & Emergency Supplies,Oxygen Mask,694,200,1038,734.94,98,5,V001,MedSupplies Inc.,719.3,7.081632653061225,Medium
3298,Surgical Supplies,Surgical Gloves,11705,3825,21875,88.27,358,9,V004,CarePlus Distributors,78.91,32.69553072625698,Low
3299,Equipment/Consumables,BP Monitor Cuff,435,64,681,16208.23,11,12,V002,EquipMed Co.,13359.26,39.54545454545455,Low
3300,Diagnostic Supplies,Test Kit,861,279,1614,530.57,39,19,V002,EquipMed Co.,575.75,22.076923076923077,Medium
3301,Diagnostic Supplies,Blood Collection Tube,4119,849,7767,96.01,69,13,V004,CarePlus Distributors,85.65,59.69565217391305,Low
3302,Surgical Supplies,Sutures,552,168,1040,26.03,27,4,V002,EquipMed Co.,27.53,20.444444444444443,Low
3303,Surgical Supplies,Surgical Mask,3120,556,7018,94.89,338,4,V001,MedSupplies Inc.,92.49,9.23076923076923,Low
3304,Diagnostic Supplies,Reagent,664,174,1063,148.88,58,13,V002,EquipMed Co.,128.75,11.448275862068966,High
3305,Medicines,Insulin,1799,251,4444,236.52,33,8,V002,EquipMed Co.,199.56,54.515151515151516,Low
3306,Equipment/Consumables,Thermometer,814,238,1789,2723.05,48,11,V004,CarePlus Distributors,2978.99,16.958333333333332,Medium
3307,Medicines,Insulin,1092,322,2307,412.25,133,11,V003,HealthTools Ltd.,402.69,8.210526315789474,High
3308,Equipment/Consumables,Thermometer,2596,560,5967,19224.63,42,11,V005,PrimeMed Supply Chain,18481.67,61.80952380952381,Low
3309,IV & Emergency Supplies,Cannula,1639,555,3288,486.98,125,6,V003,HealthTools Ltd.,476.66,13.112,Low
3310,IV & Emergency Supplies,Cannula,1095,236,2508,763.46,148,3,V003,HealthTools Ltd.,715.49,7.398648648648648,Low
3311,Surgical Supplies,Gauze,9616,3144,22714,47.18,223,6,V004,CarePlus Distributors,44.36,43.12107623318386,Low
3312,Surgical Supplies,Surgical Mask,3306,989,8169,26.07,96,7,V003,HealthTools Ltd.,27.81,34.4375,Low
3313,Medicines,Painkiller,196,23,312,461.9,130,4,V001,MedSupplies Inc.,456.04,1.5076923076923077,High
3314,IV & Emergency Supplies,Defibrillator Pads,766,179,1622,417.17,121,3,V002,EquipMed Co.,425.76,6.330578512396694,Low
3315,Surgical Supplies,Sutures,149,25,213,30.43,29,6,V003,HealthTools Ltd.,32.19,5.137931034482759,High
3316,Medicines,Painkiller,3946,406,7876,87.95,119,5,V002,EquipMed Co.,88.06,33.15966386554622,Low
3317,Surgical Supplies,Surgical Gloves,1220,244,2289,88.7,380,7,V002,EquipMed Co.,94.19,3.210526315789474,High
3318,Equipment/Consumables,Small Equipment,225,49,375,5659.85,12,5,V002,EquipMed Co.,5358.97,18.75,Low
3319,Medicines,Insulin,683,108,1108,86.4,126,10,V004,CarePlus Distributors,73.63,5.420634920634921,High
3320,Medicines,Antibiotic,1387,209,1865,310.11,136,3,V001,MedSupplies Inc.,286.55,10.198529411764707,Low
3321,IV & Emergency Supplies,Cannula,319,51,643,693.83,133,6,V003,HealthTools Ltd.,754.82,2.398496240601504,High
3322,Surgical Supplies,Syringes,1315,401,3259,14.85,294,3,V003,HealthTools Ltd.,15.47,4.4727891156462585,Medium
3323,Diagnostic Supplies,X-ray Film,1328,210,2060,134.55,28,19,V003,HealthTools Ltd.,110.94,47.42857142857143,Low
3324,Surgical Supplies,Surgical Gloves,3242,392,6121,93.36,368,4,V004,CarePlus Distributors,80.85,8.809782608695652,Low
3325,IV & Emergency Supplies,Emergency Kit,86,18,108,414.72,43,3,V003,HealthTools Ltd.,361.74,2.0,High
3326,Medicines,Painkiller,133,16,231,130.75,55,8,V005,PrimeMed Supply Chain,118.44,2.418181818181818,High
3327,IV & Emergency Supplies,IV Fluid,2720,773,6091,186.48,98,4,V001,MedSupplies Inc.,184.86,27.755102040816325,Low
3328,Diagnostic Supplies,Test Kit,2065,256,3679,287.1,53,17,V004,CarePlus Distributors,256.84,38.9622641509434,Low
3329,Diagnostic Supplies,Blood Collection Tube,400,120,776,360.04,67,9,V004,CarePlus Distributors,325.0,5.970149253731344,High
3330,Diagnostic Supplies,Reagent,1184,176,1663,147.72,68,19,V005,PrimeMed Supply Chain,148.45,17.41176470588235,High
3331,Medicines,Antibiotic,6987,1583,15997,279.58,119,13,V003,HealthTools Ltd.,304.81,58.714285714285715,Low
3332,Diagnostic Supplies,Blood Collection Tube,1176,142,2159,211.19,76,15,V002,EquipMed Co.,214.59,15.473684210526315,Medium
3333,Surgical Supplies,Syringes,19592,3981,29454,67.73,345,9,V002,EquipMed Co.,62.37,56.78840579710145,Low
3334,Equipment/Consumables,BP Monitor Cuff,305,77,441,5236.65,56,6,V002,EquipMed Co.,5152.01,5.446428571428571,High
3335,Medicines,Antibiotic,158,28,250,467.74,34,7,V001,MedSupplies Inc.,501.56,4.647058823529412,High
3336,Diagnostic Supplies,Reagent,78,27,130,237.98,12,14,V001,MedSupplies Inc.,210.93,6.5,High
3337,IV & Emergency Supplies,Oxygen Mask,1269,357,2575,268.71,89,2,V004,CarePlus Distributors,295.3,14.258426966292134,Low
3338,IV & Emergency Supplies,IV Fluid,1590,305,2279,30.77,191,6,V004,CarePlus Distributors,29.27,8.324607329842932,Medium
3339,Equipment/Consumables,Ventilator Filter,190,62,335,8214.23,20,9,V003,HealthTools Ltd.,8692.48,9.5,Medium
3340,Surgical Supplies,Surgical Gloves,416,70,832,40.05,262,4,V003,HealthTools Ltd.,35.37,1.5877862595419847,High
3341,Medicines,Antiviral,1663,563,2663,159.49,49,5,V003,HealthTools Ltd.,131.3,33.93877551020408,Low
3342,Surgical Supplies,Sutures,6087,896,11350,10.09,375,8,V005,PrimeMed Supply Chain,9.94,16.232,Low
3343,Medicines,Antihistamine,788,265,1071,93.62,132,7,V002,EquipMed Co.,93.82,5.96969696969697,High
3344,IV & Emergency Supplies,Defibrillator Pads,311,96,620,181.53,64,3,V001,MedSupplies Inc.,175.14,4.859375,Medium
3345,Surgical Supplies,Gauze,1054,228,2606,48.01,347,4,V003,HealthTools Ltd.,46.06,3.037463976945245,High
3346,Medicines,Antibiotic,86,25,162,168.51,5,3,V004,CarePlus Distributors,160.44,17.2,Low
3347,IV & Emergency Supplies,Cannula,772,119,1000,100.0,187,3,V002,EquipMed Co.,104.49,4.128342245989304,Medium
3348,IV & Emergency Supplies,Defibrillator Pads,778,88,1536,270.53,52,4,V003,HealthTools Ltd.,294.35,14.961538461538462,Low
3349,Equipment/Consumables,Small Equipment,1787,309,3803,13391.94,54,6,V003,HealthTools Ltd.,14458.85,33.092592592592595,Low
3350,Medicines,Antihistamine,4678,1416,7314,324.11,53,13,V003,HealthTools Ltd.,338.93,88.26415094339623,Low
3351,Diagnostic Supplies,Reagent,257,41,534,146.95,24,5,V004,CarePlus Distributors,139.32,10.708333333333334,Low
3352,Equipment/Consumables,BP Monitor Cuff,205,55,259,5579.96,51,11,V003,HealthTools Ltd.,5353.77,4.019607843137255,High
3353,IV & Emergency Supplies,Cannula,485,61,670,465.95,17,4,V001,MedSupplies Inc.,393.75,28.529411764705884,Low
3354,Diagnostic Supplies,X-ray Film,707,184,1451,64.52,29,13,V003,HealthTools Ltd.,63.51,24.379310344827587,Medium
3355,Diagnostic Supplies,X-ray Film,254,84,445,499.36,18,19,V002,EquipMed Co.,483.75,14.11111111111111,High
3356,Diagnostic Supplies,Blood Collection Tube,235,38,452,567.68,20,17,V002,EquipMed Co.,471.2,11.75,High
3357,Diagnostic Supplies,Test Kit,204,62,369,412.46,7,16,V001,MedSupplies Inc.,341.32,29.142857142857142,Medium
3358,Equipment/Consumables,Ventilator Filter,300,91,382,8180.19,7,6,V004,CarePlus Distributors,8130.2,42.857142857142854,Low
3359,Surgical Supplies,Gauze,4963,1538,10841,76.5,397,6,V005,PrimeMed Supply Chain,62.18,12.501259445843829,Low
3360,Surgical Supplies,Syringes,914,181,1411,87.05,324,9,V004,CarePlus Distributors,85.8,2.8209876543209877,High
3361,Equipment/Consumables,Thermometer,107,11,195,11154.99,17,7,V004,CarePlus Distributors,10491.81,6.294117647058823,High
3362,Medicines,Antiviral,1233,377,1827,367.79,85,8,V001,MedSupplies Inc.,384.14,14.505882352941176,Medium
3363,IV & Emergency Supplies,Defibrillator Pads,369,50,824,350.79,103,2,V003,HealthTools Ltd.,348.32,3.5825242718446604,Medium
3364,Medicines,Insulin,2565,454,4534,185.25,83,11,V002,EquipMed Co.,149.0,30.903614457831324,Low
3365,Surgical Supplies,Gauze,615,122,1383,77.52,143,2,V002,EquipMed Co.,74.54,4.300699300699301,Low
3366,Diagnostic Supplies,Reagent,648,149,969,272.98,78,5,V002,EquipMed Co.,218.56,8.307692307692308,Medium
3367,Medicines,Insulin,1479,423,2712,78.36,70,13,V004,CarePlus Distributors,76.4,21.12857142857143,Medium
3368,Medicines,Painkiller,4585,795,5780,481.69,149,6,V005,PrimeMed Supply Chain,524.63,30.77181208053691,Low
3369,Diagnostic Supplies,Reagent,3389,946,4375,291.51,56,19,V001,MedSupplies Inc.,268.34,60.517857142857146,Low
3370,Diagnostic Supplies,Reagent,43,8,100,76.44,8,9,V005,PrimeMed Supply Chain,66.32,5.375,High
3371,Equipment/Consumables,BP Monitor Cuff,277,65,423,10438.92,13,10,V002,EquipMed Co.,9636.99,21.307692307692307,Low
3372,Surgical Supplies,Surgical Gloves,7131,2130,14086,23.65,181,6,V003,HealthTools Ltd.,19.49,39.39779005524862,Low
3373,Surgical Supplies,Sutures,354,107,496,42.01,196,3,V002,EquipMed Co.,44.44,1.8061224489795917,High
3374,Surgical Supplies,Gauze,104,15,160,5.5,87,4,V004,CarePlus Distributors,5.08,1.1954022988505748,High
3375,Surgical Supplies,Gauze,1687,408,2150,4.19,72,6,V004,CarePlus Distributors,3.64,23.430555555555557,Low
3376,IV & Emergency Supplies,Defibrillator Pads,2120,347,4024,761.51,60,6,V002,EquipMed Co.,830.44,35.333333333333336,Low
3377,Medicines,Antibiotic,2130,664,3203,299.57,116,3,V003,HealthTools Ltd.,300.78,18.362068965517242,Low
3378,Diagnostic Supplies,Blood Collection Tube,259,34,551,164.82,16,12,V005,PrimeMed Supply Chain,145.2,16.1875,Medium
3379,Diagnostic Supplies,Reagent,488,104,680,294.39,41,19,V004,CarePlus Distributors,238.24,11.902439024390244,High
3380,Diagnostic Supplies,X-ray Film,1501,483,2524,480.16,39,8,V005,PrimeMed Supply Chain,433.57,38.48717948717949,Low
3381,Surgical Supplies,Surgical Mask,2889,390,7147,62.13,357,7,V003,HealthTools Ltd.,66.47,8.092436974789916,Medium
3382,Equipment/Consumables,BP Monitor Cuff,277,59,569,4747.23,55,12,V002,EquipMed Co.,4610.88,5.036363636363636,High
3383,Diagnostic Supplies,Blood Collection Tube,220,60,390,458.8,21,5,V003,HealthTools Ltd.,468.3,10.476190476190476,Low
3384,Medicines,Antibiotic,145,21,278,298.72,13,12,V003,HealthTools Ltd.,308.85,11.153846153846153,High
3385,Equipment/Consumables,Thermometer,352,77,678,18677.53,35,13,V004,CarePlus Distributors,18562.26,10.057142857142857,High
3386,Medicines,Antibiotic,310,46,672,136.2,40,9,V001,MedSupplies Inc.,136.43,7.75,High
3387,Surgical Supplies,Surgical Mask,151,33,356,98.34,38,4,V004,CarePlus Distributors,107.02,3.973684210526316,High
3388,Diagnostic Supplies,Blood Collection Tube,715,157,1381,351.39,13,11,V004,CarePlus Distributors,365.02,55.0,Low
3389,Equipment/Consumables,Small Equipment,265,85,339,69.4,4,11,V001,MedSupplies Inc.,75.48,66.25,Low
3390,Medicines,Painkiller,801,273,1237,105.53,14,13,V002,EquipMed Co.,109.8,57.214285714285715,Low
3391,Diagnostic Supplies,Test Kit,419,113,652,150.76,25,6,V003,HealthTools Ltd.,152.83,16.76,Low
3392,Equipment/Consumables,Ventilator Filter,1278,383,1894,863.85,51,12,V005,PrimeMed Supply Chain,740.86,25.058823529411764,Low
3393,Equipment/Consumables,BP Monitor Cuff,932,282,1484,2924.75,21,14,V005,PrimeMed Supply Chain,2922.04,44.38095238095238,Low
3394,Equipment/Consumables,BP Monitor Cuff,722,163,1003,11967.97,51,8,V001,MedSupplies Inc.,10061.4,14.156862745098039,Medium
3395,Equipment/Consumables,Ventilator Filter,1532,436,3142,1788.83,35,6,V004,CarePlus Distributors,1703.58,43.77142857142857,Low
3396,Medicines,Painkiller,757,90,1439,175.14,102,13,V003,HealthTools Ltd.,177.18,7.421568627450981,High
3397,Diagnostic Supplies,Blood Collection Tube,7686,2234,16497,286.34,69,14,V003,HealthTools Ltd.,285.23,111.3913043478261,Low
3398,Surgical Supplies,Surgical Mask,98,23,237,74.39,48,6,V005,PrimeMed Supply Chain,68.6,2.0416666666666665,High
3399,Medicines,Insulin,1647,266,1993,294.47,94,10,V002,EquipMed Co.,261.42,17.52127659574468,Medium
3400,Diagnostic Supplies,Test Kit,30,10,48,178.89,5,11,V003,HealthTools Ltd.,153.06,6.0,High
3401,IV & Emergency Supplies,Cannula,644,120,1312,314.51,49,2,V001,MedSupplies Inc.,312.54,13.142857142857142,Low
3402,Medicines,Antibiotic,75,12,157,262.26,45,3,V003,HealthTools Ltd.,231.49,1.6666666666666667,High
3403,Medicines,Antiviral,1434,201,2549,374.62,100,6,V001,MedSupplies Inc.,370.08,14.34,Low
3404,Surgical Supplies,Sutures,870,187,1074,33.33,172,6,V005,PrimeMed Supply Chain,29.97,5.058139534883721,High
3405,IV & Emergency Supplies,Emergency Kit,2923,874,6151,524.81,118,4,V002,EquipMed Co.,505.4,24.771186440677965,Low
3406,Surgical Supplies,Gauze,2077,456,4684,45.2,37,9,V001,MedSupplies Inc.,49.54,56.13513513513514,Low
3407,Surgical Supplies,Syringes,384,76,757,85.33,60,2,V001,MedSupplies Inc.,75.96,6.4,Low
3408,Diagnostic Supplies,Test Kit,2459,253,2989,175.91,24,19,V003,HealthTools Ltd.,183.99,102.45833333333333,Low
3409,IV & Emergency Supplies,Cannula,590,59,808,435.87,177,5,V003,HealthTools Ltd.,437.18,3.3333333333333335,High
3410,IV & Emergency Supplies,IV Fluid,327,56,649,198.85,126,4,V002,EquipMed Co.,200.18,2.5952380952380953,High
3411,Surgical Supplies,Surgical Gloves,2690,704,6194,33.97,187,5,V004,CarePlus Distributors,36.63,14.385026737967914,Low
3412,Diagnostic Supplies,X-ray Film,1162,227,1548,81.87,77,10,V003,HealthTools Ltd.,73.97,15.090909090909092,Medium
3413,IV & Emergency Supplies,IV Fluid,160,39,224,589.24,104,5,V004,CarePlus Distributors,621.76,1.5384615384615385,High
3414,Diagnostic Supplies,Test Kit,894,303,2083,358.15,72,6,V004,CarePlus Distributors,362.48,12.416666666666666,Low
3415,IV & Emergency Supplies,IV Fluid,1458,326,3270,24.36,105,6,V001,MedSupplies Inc.,22.43,13.885714285714286,Low
3416,Equipment/Consumables,Thermometer,276,60,418,14586.28,38,3,V005,PrimeMed Supply Chain,15456.7,7.2631578947368425,Low
3417,Surgical Supplies,Surgical Mask,965,322,2323,37.37,82,2,V004,CarePlus Distributors,34.6,11.768292682926829,Low
3418,Medicines,Insulin,686,104,1457,418.21,90,12,V003,HealthTools Ltd.,354.25,7.622222222222222,High
3419,Surgical Supplies,Surgical Gloves,16256,3871,23254,75.11,394,9,V004,CarePlus Distributors,70.07,41.25888324873097,Low
3420,IV & Emergency Supplies,Emergency Kit,464,57,882,526.88,157,3,V001,MedSupplies Inc.,549.54,2.9554140127388533,High
3421,Equipment/Consumables,Thermometer,222,25,464,12228.64,52,11,V001,MedSupplies Inc.,10044.79,4.269230769230769,High
3422,Medicines,Antibiotic,1454,219,2147,350.2,129,11,V001,MedSupplies Inc.,306.63,11.271317829457365,Medium
3423,Diagnostic Supplies,Test Kit,5136,1310,8230,553.68,79,19,V001,MedSupplies Inc.,590.11,65.0126582278481,Low
3424,Diagnostic Supplies,X-ray Film,349,65,801,47.7,27,14,V003,HealthTools Ltd.,38.55,12.925925925925926,High
3425,Diagnostic Supplies,Blood Collection Tube,3955,1294,5438,198.02,67,15,V001,MedSupplies Inc.,181.68,59.02985074626866,Low
3426,IV & Emergency Supplies,IV Fluid,808,196,1041,450.49,86,5,V001,MedSupplies Inc.,442.53,9.395348837209303,Medium
3427,Medicines,Painkiller,1762,517,3048,166.69,38,6,V005,PrimeMed Supply Chain,181.34,46.36842105263158,Low
3428,Diagnostic Supplies,Reagent,853,134,1350,554.73,26,7,V005,PrimeMed Supply Chain,495.83,32.80769230769231,Low
3429,Diagnostic Supplies,Blood Collection Tube,515,64,1082,182.35,45,17,V004,CarePlus Distributors,174.48,11.444444444444445,High
3430,Equipment/Consumables,Thermometer,69,22,120,6701.34,18,9,V003,HealthTools Ltd.,5488.83,3.8333333333333335,High
3431,IV & Emergency Supplies,Defibrillator Pads,178,34,249,209.17,41,2,V004,CarePlus Distributors,167.74,4.341463414634147,Low
3432,Diagnostic Supplies,X-ray Film,934,325,1326,41.16,70,15,V002,EquipMed Co.,42.64,13.342857142857143,High
3433,Diagnostic Supplies,Test Kit,817,84,1336,101.48,57,19,V005,PrimeMed Supply Chain,109.65,14.333333333333334,High
3434,Surgical Supplies,Surgical Gloves,9818,2235,11839,19.59,250,7,V004,CarePlus Distributors,19.7,39.272,Low
3435,Diagnostic Supplies,X-ray Film,934,147,1552,328.18,57,11,V001,MedSupplies Inc.,263.56,16.385964912280702,Medium
3436,Equipment/Consumables,BP Monitor Cuff,1898,514,3928,9939.16,35,9,V004,CarePlus Distributors,10489.98,54.22857142857143,Low
3437,Diagnostic Supplies,Test Kit,697,220,1627,188.05,65,16,V005,PrimeMed Supply Chain,197.0,10.723076923076922,High
3438,IV & Emergency Supplies,Oxygen Mask,389,123,543,502.84,14,4,V004,CarePlus Distributors,526.07,27.785714285714285,Low
3439,Equipment/Consumables,Thermometer,2974,413,4844,16421.6,30,13,V002,EquipMed Co.,14282.8,99.13333333333334,Low
3440,Equipment/Consumables,Ventilator Filter,897,192,1255,12865.52,29,5,V003,HealthTools Ltd.,12638.85,30.93103448275862,Low
3441,Medicines,Antibiotic,337,65,720,252.01,112,4,V005,PrimeMed Supply Chain,242.3,3.0089285714285716,High
3442,Surgical Supplies,Gauze,1295,384,2648,18.42,115,3,V003,HealthTools Ltd.,16.78,11.26086956521739,Low
3443,IV & Emergency Supplies,Defibrillator Pads,1452,457,3572,618.11,93,2,V004,CarePlus Distributors,540.73,15.612903225806452,Low
3444,Equipment/Consumables,BP Monitor Cuff,632,83,1185,736.28,50,5,V002,EquipMed Co.,698.76,12.64,Low
3445,Diagnostic Supplies,Reagent,3038,501,5764,333.31,39,10,V003,HealthTools Ltd.,275.79,77.8974358974359,Low
3446,Medicines,Antibiotic,220,64,547,248.53,21,11,V004,CarePlus Distributors,223.78,10.476190476190476,High
3447,Diagnostic Supplies,Test Kit,623,156,1277,482.03,38,9,V002,EquipMed Co.,501.66,16.394736842105264,Medium
3448,Diagnostic Supplies,X-ray Film,49,11,72,222.92,16,5,V002,EquipMed Co.,213.7,3.0625,High
3449,Equipment/Consumables,Ventilator Filter,338,103,734,19700.11,28,6,V003,HealthTools Ltd.,20732.34,12.071428571428571,Low
3450,Surgical Supplies,Gauze,2268,379,3810,41.23,136,8,V001,MedSupplies Inc.,34.38,16.676470588235293,Low
3451,IV & Emergency Supplies,Emergency Kit,3215,392,5443,414.24,175,5,V001,MedSupplies Inc.,426.39,18.37142857142857,Low
3452,Surgical Supplies,Surgical Mask,2578,852,5090,64.48,216,5,V001,MedSupplies Inc.,53.32,11.935185185185185,Low
3453,Equipment/Consumables,Small Equipment,2307,764,5020,7878.89,37,9,V003,HealthTools Ltd.,6703.2,62.351351351351354,Low
3454,Equipment/Consumables,BP Monitor Cuff,230,38,454,16776.08,43,9,V005,PrimeMed Supply Chain,14775.89,5.348837209302325,High
3455,Surgical Supplies,Surgical Mask,362,50,804,88.2,58,4,V004,CarePlus Distributors,77.44,6.241379310344827,Medium
3456,Surgical Supplies,Sutures,11797,3410,22178,34.72,320,7,V003,HealthTools Ltd.,31.9,36.865625,Low
3457,IV & Emergency Supplies,Oxygen Mask,297,65,658,177.49,89,5,V003,HealthTools Ltd.,156.08,3.337078651685393,High
3458,Medicines,Insulin,107,28,130,450.5,23,5,V002,EquipMed Co.,484.54,4.6521739130434785,High
3459,Diagnostic Supplies,X-ray Film,849,261,1328,539.75,70,17,V003,HealthTools Ltd.,462.42,12.128571428571428,High
3460,IV & Emergency Supplies,IV Fluid,99,11,207,192.88,68,4,V005,PrimeMed Supply Chain,163.69,1.4558823529411764,High
3461,Diagnostic Supplies,Reagent,630,195,1538,64.02,42,17,V005,PrimeMed Supply Chain,59.64,15.0,High
3462,Equipment/Consumables,BP Monitor Cuff,130,37,289,2516.14,22,6,V004,CarePlus Distributors,2549.95,5.909090909090909,High
3463,Surgical Supplies,Sutures,709,92,1304,61.03,158,2,V001,MedSupplies Inc.,51.5,4.487341772151899,Low
3464,Surgical Supplies,Surgical Gloves,3371,572,5789,36.3,186,5,V004,CarePlus Distributors,32.11,18.123655913978496,Low
3465,Medicines,Painkiller,403,135,836,287.15,45,3,V005,PrimeMed Supply Chain,245.91,8.955555555555556,Low
3466,Medicines,Antihistamine,806,235,1221,407.58,53,13,V001,MedSupplies Inc.,394.49,15.20754716981132,Medium
3467,Medicines,Antibiotic,1852,325,3974,72.52,149,11,V002,EquipMed Co.,78.55,12.429530201342281,Medium
3468,Equipment/Consumables,Thermometer,1440,155,2715,17505.03,54,5,V005,PrimeMed Supply Chain,17771.58,26.666666666666668,Low
3469,Medicines,Antiviral,259,70,330,231.04,43,8,V001,MedSupplies Inc.,192.35,6.023255813953488,High
3470,Medicines,Antihistamine,954,321,1780,383.63,64,9,V002,EquipMed Co.,381.38,14.90625,Medium
3471,Equipment/Consumables,BP Monitor Cuff,100,20,213,5342.85,28,3,V002,EquipMed Co.,5679.38,3.5714285714285716,Medium
3472,Equipment/Consumables,Thermometer,340,114,527,18838.06,18,4,V002,EquipMed Co.,17673.77,18.88888888888889,Low
3473,IV & Emergency Supplies,Emergency Kit,331,89,635,390.88,187,5,V004,CarePlus Distributors,371.24,1.7700534759358288,High
3474,Diagnostic Supplies,Test Kit,398,107,733,89.51,16,14,V004,CarePlus Distributors,86.55,24.875,Medium
3475,Medicines,Antihistamine,4283,653,5623,391.98,75,12,V004,CarePlus Distributors,320.66,57.10666666666667,Low
3476,Equipment/Consumables,Ventilator Filter,61,13,90,14565.61,32,4,V004,CarePlus Distributors,15962.77,1.90625,High
3477,Equipment/Consumables,BP Monitor Cuff,2895,846,6885,7609.47,42,10,V004,CarePlus Distributors,6473.87,68.92857142857143,Low
3478,Equipment/Consumables,Thermometer,532,127,941,14677.35,46,3,V005,PrimeMed Supply Chain,12281.07,11.565217391304348,Low
3479,Medicines,Insulin,57,14,129,213.01,7,13,V005,PrimeMed Supply Chain,226.86,8.142857142857142,High
3480,IV & Emergency Supplies,Emergency Kit,615,210,758,342.76,21,4,V001,MedSupplies Inc.,344.19,29.285714285714285,Low
3481,IV & Emergency Supplies,Defibrillator Pads,496,114,1186,264.57,23,3,V003,HealthTools Ltd.,287.16,21.565217391304348,Low
3482,Diagnostic Supplies,Reagent,1038,152,1642,169.75,77,17,V002,EquipMed Co.,152.59,13.480519480519481,High
3483,Medicines,Antihistamine,16,4,37,153.67,5,5,V003,HealthTools Ltd.,149.88,3.2,High
3484,Diagnostic Supplies,X-ray Film,343,92,667,475.17,49,7,V005,PrimeMed Supply Chain,469.62,7.0,Medium
3485,Equipment/Consumables,Thermometer,13,2,29,6401.06,4,4,V001,MedSupplies Inc.,7033.02,3.25,High
3486,Surgical Supplies,Surgical Gloves,2338,248,4214,36.92,137,6,V005,PrimeMed Supply Chain,30.29,17.065693430656935,Low
3487,Equipment/Consumables,Small Equipment,5352,1188,13216,19260.61,57,12,V004,CarePlus Distributors,19042.14,93.89473684210526,Low
3488,Diagnostic Supplies,Test Kit,1207,201,1536,148.47,51,5,V001,MedSupplies Inc.,145.87,23.666666666666668,Low
3489,Equipment/Consumables,Ventilator Filter,568,185,922,5079.39,45,8,V001,MedSupplies Inc.,5139.93,12.622222222222222,Medium
3490,IV & Emergency Supplies,Defibrillator Pads,1773,222,3106,543.83,74,5,V005,PrimeMed Supply Chain,440.04,23.95945945945946,Low
3491,Medicines,Painkiller,1222,351,2330,207.94,66,5,V001,MedSupplies Inc.,203.62,18.515151515151516,Low
3492,Surgical Supplies,Surgical Gloves,253,83,426,74.72,114,7,V003,HealthTools Ltd.,77.26,2.219298245614035,High
3493,Diagnostic Supplies,Reagent,1012,161,1640,508.0,74,7,V001,MedSupplies Inc.,505.41,13.675675675675675,Medium
3494,Medicines,Insulin,98,19,140,105.18,31,9,V005,PrimeMed Supply Chain,87.73,3.161290322580645,High
3495,IV & Emergency Supplies,Emergency Kit,3445,399,6162,763.9,179,4,V004,CarePlus Distributors,705.01,19.24581005586592,Low
3496,Surgical Supplies,Surgical Gloves,2110,542,4670,45.77,204,8,V004,CarePlus Distributors,36.7,10.343137254901961,Medium
3497,Medicines,Antibiotic,1069,176,1957,332.44,93,10,V003,HealthTools Ltd.,273.48,11.494623655913978,Medium
3498,Medicines,Painkiller,774,264,1883,140.17,96,5,V002,EquipMed Co.,131.88,8.0625,Medium
3499,Medicines,Antihistamine,1197,329,2439,165.08,67,8,V003,HealthTools Ltd.,170.88,17.865671641791046,Low
